"Date","Price","Open","High","Low","Vol.","Change %"
"Aug 20, 2021","27.71","27.43","27.73","27.27","32.29K","1.05%"
"Aug 19, 2021","27.43","26.36","27.43","25.81","31.68K","4.05%"
"Aug 18, 2021","26.36","26.84","28.47","25.69","59.68K","-1.78%"
"Aug 17, 2021","26.84","27.52","29.61","26.83","99.56K","-2.48%"
"Aug 16, 2021","27.52","28.14","28.47","27.44","58.77K","-2.23%"
"Aug 15, 2021","28.14","28.42","28.42","27.39","53.67K","-0.96%"
"Aug 14, 2021","28.42","28.38","29.68","27.54","81.64K","0.13%"
"Aug 13, 2021","28.38","26.93","28.40","26.63","36.76K","5.40%"
"Aug 12, 2021","26.93","28.34","28.70","26.09","49.62K","-4.98%"
"Aug 11, 2021","28.34","28.50","29.23","27.51","77.83K","-0.81%"
"Aug 10, 2021","28.57","27.12","28.77","26.64","60.54K","5.35%"
"Aug 09, 2021","27.12","26.37","27.44","25.58","69.51K","2.85%"
"Aug 08, 2021","26.37","26.90","28.67","26.21","116.67K","-1.98%"
"Aug 07, 2021","26.90","26.32","27.24","26.18","64.37K","2.21%"
"Aug 06, 2021","26.32","26.32","27.25","25.70","38.97K","-0.03%"
"Aug 05, 2021","26.32","26.43","26.43","25.35","40.38K","-0.36%"
"Aug 04, 2021","26.42","24.93","26.85","24.89","46.15K","5.95%"
"Aug 03, 2021","24.93","26.52","26.53","24.69","35.87K","-5.97%"
"Aug 02, 2021","26.52","25.07","29.75","24.95","162.13K","5.83%"
"Aug 01, 2021","25.06","26.89","26.89","25.01","49.66K","-6.80%"
"Jul 31, 2021","26.88","26.76","27.38","26.22","59.85K","0.48%"
"Jul 30, 2021","26.76","26.24","26.76","25.09","64.70K","1.93%"
"Jul 29, 2021","26.25","26.92","26.97","25.81","51.06K","-2.48%"
"Jul 28, 2021","26.91","27.63","28.05","26.23","77.53K","-2.49%"
"Jul 27, 2021","27.60","28.35","29.00","25.55","112.31K","-2.57%"
"Jul 26, 2021","28.33","31.46","32.73","27.44","226.14K","-9.92%"
"Jul 25, 2021","31.45","31.68","33.99","28.41","490.76K","38.49%"
"Jul 24, 2021","22.71","17.22","25.45","17.22","256.13K","31.94%"
"Jul 23, 2021","17.21","17.04","17.26","16.37","55.99K","0.97%"
"Jul 22, 2021","17.05","16.87","17.26","16.33","68.44K","1.07%"
"Jul 21, 2021","16.87","16.04","16.96","15.29","64.32K","5.21%"
"Jul 20, 2021","16.03","17.19","18.72","15.35","100.21K","-6.77%"
"Jul 19, 2021","17.19","18.57","18.59","16.97","57.24K","-7.41%"
"Jul 18, 2021","18.57","19.53","20.23","18.29","78.68K","-4.86%"
"Jul 17, 2021","19.52","20.97","24.19","19.28","127.47K","-6.89%"
"Jul 16, 2021","20.96","18.00","22.06","17.49","185.74K","16.49%"
"Jul 15, 2021","17.99","18.23","19.76","17.22","103.14K","-1.31%"
"Jul 14, 2021","18.23","16.85","21.16","16.63","147.45K","8.28%"
"Jul 13, 2021","16.84","16.32","16.85","16.03","70.01K","3.21%"
"Jul 12, 2021","16.32","17.62","17.64","15.56","75.95K","-7.38%"
"Jul 11, 2021","17.62","16.25","18.34","16.04","108.92K","8.37%"
"Jul 10, 2021","16.25","16.71","17.38","16.14","36.40K","-2.73%"
"Jul 09, 2021","16.71","17.23","17.24","16.10","57.34K","-3.02%"
"Jul 08, 2021","17.23","19.06","19.36","16.99","64.75K","-9.56%"
"Jul 07, 2021","19.05","18.65","19.06","18.15","85.39K","2.18%"
"Jul 06, 2021","18.65","18.42","19.61","18.01","56.75K","1.28%"
"Jul 05, 2021","18.41","20.42","20.73","18.35","46.55K","-9.84%"
"Jul 04, 2021","20.42","18.27","21.60","15.98","177.62K","11.76%"
"Jul 03, 2021","18.27","18.96","19.13","18.00","100.52K","-3.61%"
"Jul 02, 2021","18.96","20.16","20.94","18.07","140.55K","-5.98%"
"Jul 01, 2021","20.16","24.47","24.84","20.11","215.21K","-17.60%"
"Jun 30, 2021","24.47","16.16","25.65","16.06","543.00K","51.51%"
"Jun 29, 2021","16.15","15.07","16.70","14.90","98.37K","7.23%"
"Jun 28, 2021","15.06","14.35","15.78","14.12","158.52K","4.93%"
"Jun 27, 2021","14.35","12.16","14.40","12.01","166.05K","18.01%"
"Jun 26, 2021","12.16","12.55","12.68","11.45","93.85K","-3.28%"
"Jun 25, 2021","12.57","13.50","13.81","12.31","93.54K","-6.83%"
"Jun 24, 2021","13.50","12.41","13.65","11.80","136.65K","8.82%"
"Jun 23, 2021","12.40","12.00","13.13","11.62","152.98K","3.40%"
"Jun 22, 2021","11.99","13.09","13.64","10.55","233.98K","-8.32%"
"Jun 21, 2021","13.08","17.47","17.47","13.04","122.25K","-25.11%"
"Jun 20, 2021","17.47","17.82","18.12","16.59","62.29K","-2.00%"
"Jun 19, 2021","17.82","19.35","19.73","17.65","64.80K","-7.89%"
"Jun 18, 2021","19.35","19.90","20.76","19.00","110.18K","-2.70%"
"Jun 17, 2021","19.89","19.61","20.28","18.59","63.77K","1.54%"
"Jun 16, 2021","19.59","21.07","21.32","19.52","62.32K","-7.02%"
"Jun 15, 2021","21.07","21.87","22.51","20.81","65.25K","-3.66%"
"Jun 14, 2021","21.87","21.52","22.26","20.99","68.45K","1.69%"
"Jun 13, 2021","21.50","19.45","21.53","19.02","70.78K","10.55%"
"Jun 12, 2021","19.45","20.80","21.00","19.07","62.82K","-6.46%"
"Jun 11, 2021","20.79","23.25","24.70","20.75","75.68K","-10.50%"
"Jun 10, 2021","23.23","23.86","24.03","22.30","68.16K","-2.62%"
"Jun 09, 2021","23.86","23.49","24.73","22.69","100.01K","1.55%"
"Jun 08, 2021","23.49","23.70","24.17","20.80","122.85K","-0.86%"
"Jun 07, 2021","23.70","26.24","27.04","23.60","57.71K","-9.70%"
"Jun 06, 2021","26.24","25.60","26.48","25.40","64.14K","2.37%"
"Jun 05, 2021","25.64","27.33","28.51","25.28","71.46K","-6.18%"
"Jun 04, 2021","27.32","28.39","30.29","26.69","113.15K","-3.76%"
"Jun 03, 2021","28.39","27.86","28.86","27.55","58.89K","1.91%"
"Jun 02, 2021","27.86","26.30","28.37","25.44","89.17K","5.94%"
"Jun 01, 2021","26.30","27.16","27.86","25.82","85.55K","-3.50%"
"May 31, 2021","27.25","27.22","27.31","24.92","87.36K","0.35%"
"May 30, 2021","27.15","25.38","27.26","24.32","80.88K","7.03%"
"May 29, 2021","25.37","26.56","27.66","23.99","75.93K","-4.47%"
"May 28, 2021","26.56","28.99","29.38","25.69","76.03K","-8.28%"
"May 27, 2021","28.95","30.87","31.07","28.81","89.20K","-6.40%"
"May 26, 2021","30.93","29.30","31.62","28.53","130.46K","5.56%"
"May 25, 2021","29.30","31.74","32.22","28.32","165.56K","-7.69%"
"May 24, 2021","31.75","25.01","33.29","23.97","272.26K","27.10%"
"May 23, 2021","24.98","34.87","36.22","22.04","230.71K","-28.38%"
"May 22, 2021","34.87","31.27","38.94","31.07","408.17K","11.01%"
"May 21, 2021","31.41","33.27","41.32","27.76","249.15K","-5.59%"
"May 20, 2021","33.27","23.84","41.99","21.61","419.37K","39.55%"
"May 19, 2021","23.84","35.67","36.18","21.00","207.48K","-33.16%"
"May 18, 2021","35.67","34.18","37.09","33.69","74.61K","4.51%"
"May 17, 2021","34.13","37.89","37.96","33.34","84.16K","-9.89%"
"May 16, 2021","37.88","36.35","47.90","36.12","231.25K","4.22%"
"May 15, 2021","36.35","39.69","40.26","36.15","51.36K","-8.36%"
"May 14, 2021","39.66","38.17","41.18","37.93","55.75K","3.91%"
"May 13, 2021","38.17","37.55","40.03","36.41","88.78K","1.72%"
"May 12, 2021","37.52","44.46","46.46","37.46","89.68K","-15.60%"
"May 11, 2021","44.46","40.56","44.56","38.96","73.26K","9.59%"
"May 10, 2021","40.57","45.72","47.22","40.31","97.80K","-11.27%"
"May 09, 2021","45.72","47.07","47.18","43.41","54.91K","-2.90%"
"May 08, 2021","47.08","47.26","49.68","46.24","41.54K","-0.41%"
"May 07, 2021","47.28","50.22","51.78","46.57","89.09K","-5.86%"
"May 06, 2021","50.22","47.16","51.06","44.98","192.49K","6.52%"
"May 05, 2021","47.15","38.88","47.19","38.88","89.62K","21.32%"
"May 04, 2021","38.86","43.08","43.37","38.67","68.07K","-9.78%"
"May 03, 2021","43.08","40.98","43.96","40.85","65.94K","5.12%"
"May 02, 2021","40.98","42.87","42.97","39.99","75.00K","-4.27%"
"May 01, 2021","42.81","41.88","42.86","39.95","103.87K","2.22%"
"Apr 30, 2021","41.88","37.94","42.23","37.52","71.95K","10.37%"
"Apr 29, 2021","37.94","39.24","39.24","36.01","64.45K","-3.31%"
"Apr 28, 2021","39.24","39.99","40.88","38.15","58.66K","-1.83%"
"Apr 27, 2021","39.97","38.14","40.47","37.58","78.15K","4.83%"
"Apr 26, 2021","38.13","31.65","38.17","31.57","94.36K","20.47%"
"Apr 25, 2021","31.65","31.72","33.46","30.07","74.26K","-0.20%"
"Apr 24, 2021","31.72","34.98","35.05","31.57","52.85K","-9.35%"
"Apr 23, 2021","34.99","36.90","37.38","32.14","115.41K","-5.17%"
"Apr 22, 2021","36.89","38.57","42.76","36.15","120.86K","-4.34%"
"Apr 21, 2021","38.57","40.17","41.42","38.07","78.21K","-4.03%"
"Apr 20, 2021","40.19","39.34","40.55","35.74","103.12K","2.12%"
"Apr 19, 2021","39.35","44.80","46.19","39.10","100.21K","-11.86%"
"Apr 18, 2021","44.65","50.34","50.36","39.84","119.09K","-11.31%"
"Apr 17, 2021","50.34","52.63","53.56","49.47","73.11K","-4.34%"
"Apr 16, 2021","52.63","50.74","53.58","47.94","131.48K","3.71%"
"Apr 15, 2021","50.74","48.99","51.78","48.26","76.98K","3.64%"
"Apr 14, 2021","48.96","49.86","51.61","46.93","94.59K","-1.81%"
"Apr 13, 2021","49.86","47.50","51.93","47.37","97.60K","4.97%"
"Apr 12, 2021","47.50","49.11","49.23","46.39","64.08K","-3.27%"
"Apr 11, 2021","49.11","52.41","52.45","47.94","80.25K","-6.12%"
"Apr 10, 2021","52.30","56.41","58.64","50.17","137.23K","-7.22%"
"Apr 09, 2021","56.38","50.47","56.61","47.01","137.36K","11.70%"
"Apr 08, 2021","50.47","49.23","50.89","43.77","137.63K","3.28%"
"Apr 07, 2021","48.87","43.09","49.51","39.08","273.48K","13.35%"
"Apr 06, 2021","43.11","42.72","45.61","41.22","139.12K","0.81%"
"Apr 05, 2021","42.76","40.88","43.30","38.78","122.70K","4.60%"
"Apr 04, 2021","40.88","37.05","42.10","36.69","90.52K","10.32%"
"Apr 03, 2021","37.06","40.34","43.26","36.71","143.02K","-8.14%"
"Apr 02, 2021","40.34","38.78","40.59","38.03","72.47K","4.03%"
"Apr 01, 2021","38.78","40.00","40.04","38.34","82.44K","-3.05%"
"Mar 31, 2021","40.00","41.05","42.25","37.76","107.86K","-2.62%"
"Mar 30, 2021","41.07","38.18","44.51","37.87","289.43K","7.58%"
"Mar 29, 2021","38.18","35.75","38.59","34.44","97.30K","6.94%"
"Mar 28, 2021","35.70","32.80","36.46","31.76","149.69K","8.86%"
"Mar 27, 2021","32.80","33.65","34.50","31.93","105.42K","-2.66%"
"Mar 26, 2021","33.69","30.59","33.72","30.58","90.52K","10.16%"
"Mar 25, 2021","30.59","33.50","33.87","30.22","125.74K","-8.72%"
"Mar 24, 2021","33.51","38.57","38.99","30.97","264.02K","-12.71%"
"Mar 23, 2021","38.39","36.74","44.04","36.44","477.73K","4.69%"
"Mar 22, 2021","36.67","30.73","41.74","30.33","431.27K","19.33%"
"Mar 21, 2021","30.73","31.16","31.78","30.19","76.16K","-1.38%"
"Mar 20, 2021","31.16","32.46","33.86","31.13","76.63K","-4.02%"
"Mar 19, 2021","32.46","31.81","34.93","30.89","120.24K","2.05%"
"Mar 18, 2021","31.81","31.04","31.91","30.11","92.99K","2.48%"
"Mar 17, 2021","31.04","30.29","31.33","28.97","86.85K","2.45%"
"Mar 16, 2021","30.30","29.63","30.70","28.70","66.08K","2.31%"
"Mar 15, 2021","29.61","31.00","31.76","29.08","76.36K","-4.46%"
"Mar 14, 2021","31.00","32.50","32.62","30.81","54.64K","-4.62%"
"Mar 13, 2021","32.50","31.44","32.56","30.29","81.21K","3.38%"
"Mar 12, 2021","31.44","32.80","32.94","30.63","80.89K","-4.14%"
"Mar 11, 2021","32.79","34.16","34.78","32.49","82.74K","-4.00%"
"Mar 10, 2021","34.16","33.02","35.02","31.03","148.91K","3.45%"
"Mar 09, 2021","33.02","31.23","33.11","30.88","81.46K","5.73%"
"Mar 08, 2021","31.23","30.98","31.23","30.08","59.54K","0.80%"
"Mar 07, 2021","30.98","31.04","31.46","30.40","55.83K","-0.21%"
"Mar 06, 2021","31.05","30.24","31.06","29.11","66.44K","2.63%"
"Mar 05, 2021","30.25","29.74","30.26","28.11","71.89K","1.72%"
"Mar 04, 2021","29.74","30.92","31.25","29.32","65.99K","-3.82%"
"Mar 03, 2021","30.92","30.57","31.63","30.21","95.67K","1.26%"
"Mar 02, 2021","30.54","30.77","32.24","29.29","103.68K","-0.75%"
"Mar 01, 2021","30.77","28.88","32.86","28.53","103.77K","6.54%"
"Feb 28, 2021","28.88","30.97","31.36","26.69","90.70K","-6.56%"
"Feb 27, 2021","30.91","31.08","32.76","30.24","83.22K","-0.56%"
"Feb 26, 2021","31.08","30.95","34.01","29.38","145.17K","0.41%"
"Feb 25, 2021","30.95","32.59","36.57","30.91","137.32K","-5.02%"
"Feb 24, 2021","32.59","29.16","37.40","28.40","187.70K","11.75%"
"Feb 23, 2021","29.16","33.68","38.00","24.58","368.72K","-13.42%"
"Feb 22, 2021","33.68","37.30","37.89","28.37","207.24K","-9.78%"
"Feb 21, 2021","37.33","37.15","38.80","36.83","103.70K","0.48%"
"Feb 20, 2021","37.15","37.34","39.65","36.76","182.39K","-0.50%"
"Feb 19, 2021","37.34","37.63","38.29","36.84","142.46K","-0.92%"
"Feb 18, 2021","37.68","39.46","40.54","37.51","152.51K","-4.57%"
"Feb 17, 2021","39.49","38.54","41.20","36.41","196.60K","2.55%"
"Feb 16, 2021","38.51","39.64","44.59","36.00","295.03K","-2.85%"
"Feb 15, 2021","39.64","45.37","53.69","36.08","1.05M","-11.73%"
"Feb 14, 2021","44.91","32.79","56.17","32.29","1.16M","36.92%"
"Feb 13, 2021","32.80","30.18","38.78","28.51","343.57K","8.65%"
"Feb 12, 2021","30.18","28.25","31.36","26.80","217.99K","6.83%"
"Feb 11, 2021","28.25","25.60","29.05","25.43","201.16K","10.67%"
"Feb 10, 2021","25.53","25.52","27.21","23.88","193.14K","0.03%"
"Feb 09, 2021","25.52","23.60","25.97","23.30","194.35K","8.17%"
"Feb 08, 2021","23.60","23.44","24.18","22.58","164.82K","0.67%"
"Feb 07, 2021","23.44","22.95","25.87","21.72","238.95K","2.12%"
"Feb 06, 2021","22.95","23.33","23.99","21.48","159.04K","-1.60%"
"Feb 05, 2021","23.33","21.21","24.24","21.01","287.03K","10.08%"
"Feb 04, 2021","21.19","20.69","21.95","19.83","245.95K","2.28%"
"Feb 03, 2021","20.72","19.57","20.84","19.53","151.33K","5.89%"
"Feb 02, 2021","19.57","19.76","20.15","19.44","157.85K","-0.71%"
"Feb 01, 2021","19.71","19.83","20.21","19.34","102.20K","-0.61%"
"Jan 31, 2021","19.83","20.23","21.24","19.49","104.13K","-1.97%"
"Jan 30, 2021","20.23","19.80","21.43","19.72","102.49K","2.04%"
"Jan 29, 2021","19.82","19.89","20.40","19.44","108.69K","-0.70%"
"Jan 28, 2021","19.96","19.12","20.30","18.86","66.61K","4.41%"
"Jan 27, 2021","19.12","20.98","21.72","18.78","144.14K","-8.88%"
"Jan 26, 2021","20.98","20.48","20.99","19.47","87.42K","2.43%"
"Jan 25, 2021","20.48","21.19","21.51","20.39","113.43K","-3.34%"
"Jan 24, 2021","21.19","20.80","21.87","20.64","93.22K","1.86%"
"Jan 23, 2021","20.80","20.84","22.01","20.26","111.49K","-0.14%"
"Jan 22, 2021","20.83","20.29","22.43","18.67","185.29K","2.30%"
"Jan 21, 2021","20.36","23.16","24.85","19.81","317.16K","-12.03%"
"Jan 20, 2021","23.15","21.81","27.90","21.53","840.64K","6.17%"
"Jan 19, 2021","21.80","21.03","22.46","20.76","273.08K","3.67%"
"Jan 18, 2021","21.03","20.46","21.32","20.26","155.64K","2.73%"
"Jan 17, 2021","20.47","20.04","20.86","18.99","65.30K","2.13%"
"Jan 16, 2021","20.04","19.33","20.45","19.29","80.40K","3.70%"
"Jan 15, 2021","19.33","19.50","20.48","18.41","71.67K","-0.88%"
"Jan 14, 2021","19.50","19.33","20.36","19.00","97.13K","0.63%"
"Jan 13, 2021","19.38","18.29","19.43","17.85","57.51K","5.92%"
"Jan 12, 2021","18.29","18.43","21.19","17.92","138.00K","-0.72%"
"Jan 11, 2021","18.43","20.60","20.60","16.88","121.88K","-10.58%"
"Jan 10, 2021","20.61","20.57","22.31","18.91","166.38K","0.16%"
"Jan 09, 2021","20.57","18.51","20.70","17.99","88.15K","11.14%"
"Jan 08, 2021","18.51","19.33","19.72","17.51","107.49K","-4.48%"
"Jan 07, 2021","19.38","19.33","21.50","18.66","161.53K","0.25%"
"Jan 06, 2021","19.33","18.07","20.06","17.88","105.10K","6.47%"
"Jan 05, 2021","18.16","17.02","20.48","16.92","197.57K","6.67%"
"Jan 04, 2021","17.02","17.18","18.27","16.17","98.65K","-0.84%"
"Jan 03, 2021","17.16","16.76","17.49","16.19","94.27K","2.40%"
"Jan 02, 2021","16.76","16.88","17.47","16.46","76.06K","-0.72%"
"Jan 01, 2021","16.88","16.80","17.26","16.59","71.19K","0.57%"
"Dec 31, 2020","16.79","17.04","17.07","16.60","43.41K","-1.50%"
"Dec 30, 2020","17.04","17.54","17.96","16.99","50.33K","-2.81%"
"Dec 29, 2020","17.54","16.99","18.38","16.63","66.74K","3.17%"
"Dec 28, 2020","17.00","16.90","18.04","16.79","59.23K","0.57%"
"Dec 27, 2020","16.90","16.89","18.01","16.15","94.29K","0.04%"
"Dec 26, 2020","16.89","17.49","17.87","16.82","53.54K","-3.41%"
"Dec 25, 2020","17.49","16.94","17.87","16.93","50.73K","3.26%"
"Dec 24, 2020","16.94","16.25","17.94","15.86","62.76K","4.21%"
"Dec 23, 2020","16.25","18.04","18.26","15.99","73.87K","-10.00%"
"Dec 22, 2020","18.06","17.84","19.80","17.53","87.59K","1.22%"
"Dec 21, 2020","17.84","18.18","19.70","17.44","75.43K","-2.04%"
"Dec 20, 2020","18.21","19.51","20.15","18.09","63.04K","-6.67%"
"Dec 19, 2020","19.52","19.48","21.99","18.32","164.18K","0.21%"
"Dec 18, 2020","19.48","16.54","24.61","16.36","405.03K","17.76%"
"Dec 17, 2020","16.54","16.83","17.09","16.01","73.95K","-1.74%"
"Dec 16, 2020","16.83","16.40","16.91","16.03","55.43K","2.64%"
"Dec 15, 2020","16.40","16.56","17.07","16.34","43.53K","-0.92%"
"Dec 14, 2020","16.55","16.86","16.91","16.24","37.75K","-2.08%"
"Dec 13, 2020","16.90","16.41","17.23","16.41","52.21K","3.00%"
"Dec 12, 2020","16.41","15.95","17.09","15.91","65.09K","2.90%"
"Dec 11, 2020","15.95","16.78","16.86","15.87","52.34K","-4.99%"
"Dec 10, 2020","16.78","17.67","18.09","16.42","79.66K","-5.03%"
"Dec 09, 2020","17.67","16.88","19.37","15.80","154.19K","4.69%"
"Dec 08, 2020","16.88","18.93","19.12","16.45","141.28K","-10.82%"
"Dec 07, 2020","18.93","20.28","21.97","18.39","227.31K","-7.10%"
"Dec 06, 2020","20.38","19.07","22.59","18.18","493.38K","7.11%"
"Dec 05, 2020","19.02","15.46","22.82","15.29","330.94K","23.06%"
"Dec 04, 2020","15.46","16.94","16.97","15.34","53.85K","-8.53%"
"Dec 03, 2020","16.90","16.51","17.18","16.15","62.05K","2.36%"
"Dec 02, 2020","16.51","15.49","16.78","15.16","84.50K","6.63%"
"Dec 01, 2020","15.48","16.04","16.12","15.24","55.85K","-3.48%"
"Nov 30, 2020","16.04","15.57","16.29","15.44","71.00K","3.01%"
"Nov 29, 2020","15.57","15.46","15.82","15.18","58.50K","0.59%"
"Nov 28, 2020","15.48","14.79","15.68","14.67","69.19K","4.67%"
"Nov 27, 2020","14.79","14.89","15.29","14.61","53.10K","-0.70%"
"Nov 26, 2020","14.89","16.42","16.65","14.20","123.57K","-9.29%"
"Nov 25, 2020","16.42","17.60","17.74","16.23","92.04K","-6.73%"
"Nov 24, 2020","17.60","16.68","17.85","16.67","143.41K","5.57%"
"Nov 23, 2020","16.68","16.63","16.86","16.35","74.09K","0.28%"
"Nov 22, 2020","16.63","16.65","16.94","16.11","75.56K","-0.13%"
"Nov 21, 2020","16.65","16.16","16.78","15.93","80.25K","3.02%"
"Nov 20, 2020","16.16","15.64","16.22","15.60","52.06K","3.42%"
"Nov 19, 2020","15.63","16.02","16.04","15.59","60.01K","-2.45%"
"Nov 18, 2020","16.02","16.08","16.37","15.59","64.81K","-0.34%"
"Nov 17, 2020","16.08","16.75","16.83","15.76","82.90K","-4.11%"
"Nov 16, 2020","16.76","15.25","16.89","15.19","99.86K","9.94%"
"Nov 15, 2020","15.25","15.41","15.76","15.06","69.68K","-1.06%"
"Nov 14, 2020","15.41","15.20","15.63","14.67","32.26K","1.39%"
"Nov 13, 2020","15.20","14.89","15.42","14.65","37.65K","2.09%"
"Nov 12, 2020","14.89","16.08","16.24","14.84","26.51K","-7.39%"
"Nov 11, 2020","16.08","15.07","16.21","15.00","70.41K","6.65%"
"Nov 10, 2020","15.07","15.20","16.41","14.42","87.33K","-0.81%"
"Nov 09, 2020","15.20","13.89","15.86","13.60","117.30K","9.40%"
"Nov 08, 2020","13.89","13.89","14.25","13.37","56.83K","0.15%"
"Nov 07, 2020","13.87","14.32","15.10","13.71","68.51K","-3.17%"
"Nov 06, 2020","14.32","13.98","14.61","13.88","62.99K","2.43%"
"Nov 05, 2020","13.98","14.41","14.44","13.57","66.95K","-2.92%"
"Nov 04, 2020","14.41","14.61","15.48","14.36","67.85K","-1.39%"
"Nov 03, 2020","14.61","14.17","16.27","13.53","125.14K","3.07%"
"Nov 02, 2020","14.17","13.41","14.44","13.36","60.42K","5.65%"
"Nov 01, 2020","13.41","13.16","13.76","12.95","56.98K","1.97%"
"Oct 31, 2020","13.16","12.97","13.31","12.95","41.96K","1.45%"
"Oct 30, 2020","12.97","13.12","13.64","12.53","64.11K","-1.20%"
"Oct 29, 2020","13.12","12.53","13.53","12.52","80.34K","4.74%"
"Oct 28, 2020","12.53","13.22","13.37","12.47","46.73K","-5.21%"
"Oct 27, 2020","13.22","13.10","13.44","12.89","41.22K","0.95%"
"Oct 26, 2020","13.10","13.42","13.68","12.98","42.44K","-2.44%"
"Oct 25, 2020","13.42","13.72","13.77","13.41","33.03K","-2.15%"
"Oct 24, 2020","13.72","13.54","13.88","13.45","40.51K","1.34%"
"Oct 23, 2020","13.54","13.88","13.90","13.52","41.12K","-2.45%"
"Oct 22, 2020","13.88","13.40","13.88","13.38","43.64K","3.54%"
"Oct 21, 2020","13.40","13.16","13.81","13.12","54.91K","1.84%"
"Oct 20, 2020","13.16","13.67","13.76","13.08","43.87K","-3.73%"
"Oct 19, 2020","13.67","13.71","13.82","13.49","48.39K","-0.26%"
"Oct 18, 2020","13.71","13.75","13.88","13.49","39.66K","-0.33%"
"Oct 17, 2020","13.75","13.69","13.83","13.51","37.01K","0.52%"
"Oct 16, 2020","13.68","13.84","13.98","13.45","41.99K","-1.15%"
"Oct 15, 2020","13.84","14.05","14.08","13.76","37.42K","-1.49%"
"Oct 14, 2020","14.05","14.31","14.44","13.79","52.32K","-1.83%"
"Oct 13, 2020","14.31","14.44","14.53","14.12","36.22K","-0.87%"
"Oct 12, 2020","14.44","14.44","14.62","14.21","57.93K","0.00%"
"Oct 11, 2020","14.44","14.34","14.54","14.15","46.42K","0.62%"
"Oct 10, 2020","14.35","14.23","14.74","14.21","48.67K","0.80%"
"Oct 09, 2020","14.23","13.80","14.33","13.70","60.08K","3.15%"
"Oct 08, 2020","13.80","13.50","13.96","13.34","46.65K","2.21%"
"Oct 07, 2020","13.50","13.67","13.76","13.29","52.57K","-1.23%"
"Oct 06, 2020","13.67","14.23","14.40","13.62","46.27K","-3.96%"
"Oct 05, 2020","14.23","14.03","14.71","14.01","51.12K","1.42%"
"Oct 04, 2020","14.03","14.10","14.14","13.81","49.08K","-0.37%"
"Oct 03, 2020","14.09","13.64","14.33","13.63","52.21K","3.30%"
"Oct 02, 2020","13.64","14.10","14.33","13.35","65.65K","-3.24%"
"Oct 01, 2020","14.09","14.28","14.93","14.04","56.47K","-1.29%"
"Sep 30, 2020","14.28","14.31","14.53","14.07","51.72K","-0.23%"
"Sep 29, 2020","14.31","14.56","14.81","14.17","48.83K","-1.70%"
"Sep 28, 2020","14.56","14.43","14.91","14.38","46.23K","0.88%"
"Sep 27, 2020","14.43","15.07","15.29","14.21","43.46K","-4.24%"
"Sep 26, 2020","15.07","14.26","16.04","14.03","90.15K","5.66%"
"Sep 25, 2020","14.26","14.33","14.56","13.59","79.86K","-0.51%"
"Sep 24, 2020","14.33","12.90","14.83","12.58","79.11K","11.06%"
"Sep 23, 2020","12.91","14.01","14.76","12.80","83.35K","-7.62%"
"Sep 22, 2020","13.97","13.98","14.49","13.33","81.86K","-0.06%"
"Sep 21, 2020","13.98","15.49","15.50","13.51","73.59K","-9.77%"
"Sep 20, 2020","15.49","15.42","16.91","14.60","108.69K","0.47%"
"Sep 19, 2020","15.42","15.32","15.67","15.26","47.38K","0.66%"
"Sep 18, 2020","15.32","16.23","16.51","15.25","85.43K","-5.63%"
"Sep 17, 2020","16.23","16.35","17.43","16.08","77.62K","-0.71%"
"Sep 16, 2020","16.35","16.79","16.86","16.06","81.87K","-2.64%"
"Sep 15, 2020","16.79","17.44","17.86","16.73","78.16K","-3.68%"
"Sep 14, 2020","17.44","17.37","17.98","17.16","63.74K","0.88%"
"Sep 13, 2020","17.28","18.06","19.30","17.12","84.25K","-4.31%"
"Sep 12, 2020","18.06","18.65","19.70","18.05","134.30K","-3.16%"
"Sep 11, 2020","18.65","16.82","19.98","16.34","144.54K","10.86%"
"Sep 10, 2020","16.82","16.84","17.06","16.44","53.48K","-0.13%"
"Sep 09, 2020","16.84","15.79","16.96","15.70","52.24K","6.68%"
"Sep 08, 2020","15.79","16.20","16.52","15.48","51.54K","-2.54%"
"Sep 07, 2020","16.20","16.80","16.97","15.58","47.42K","-3.58%"
"Sep 06, 2020","16.80","16.08","17.06","15.15","68.91K","4.50%"
"Sep 05, 2020","16.08","18.17","18.66","15.11","108.38K","-11.51%"
"Sep 04, 2020","18.17","16.77","18.61","15.73","133.31K","8.33%"
"Sep 03, 2020","16.77","20.83","20.95","16.02","175.74K","-19.49%"
"Sep 02, 2020","20.83","21.82","22.39","20.22","96.64K","-4.53%"
"Sep 01, 2020","21.82","21.91","22.59","21.43","97.38K","-0.40%"
"Aug 31, 2020","21.91","22.58","22.81","21.91","51.26K","-2.99%"
"Aug 30, 2020","22.58","22.90","23.16","21.92","98.31K","-1.38%"
"Aug 29, 2020","22.90","22.62","23.25","22.01","98.48K","1.24%"
"Aug 28, 2020","22.62","21.79","23.08","21.35","129.36K","3.80%"
"Aug 27, 2020","21.79","23.57","24.38","21.51","158.34K","-7.56%"
"Aug 26, 2020","23.57","22.02","26.69","21.11","302.89K","7.05%"
"Aug 25, 2020","22.02","24.25","24.69","21.18","237.85K","-9.18%"
"Aug 24, 2020","24.25","24.99","27.18","23.58","297.74K","-2.99%"
"Aug 23, 2020","24.99","27.15","27.70","24.09","360.40K","-7.95%"
"Aug 22, 2020","27.15","31.59","36.45","25.24","1.55M","-14.00%"
"Aug 21, 2020","31.57","20.61","32.75","20.58","1.15M","53.20%"
"Aug 20, 2020","20.61","19.70","20.99","19.48","85.14K","4.63%"
"Aug 19, 2020","19.70","20.87","20.97","19.46","65.36K","-5.62%"
"Aug 18, 2020","20.87","21.63","21.86","20.20","103.88K","-3.53%"
"Aug 17, 2020","21.63","22.23","22.36","21.43","97.30K","-2.72%"
"Aug 16, 2020","22.23","21.82","22.35","20.94","109.33K","1.91%"
"Aug 15, 2020","21.82","21.64","22.45","21.21","125.82K","0.80%"
"Aug 14, 2020","21.64","20.87","21.70","20.62","108.24K","3.68%"
"Aug 13, 2020","20.87","20.67","21.47","20.00","109.72K","1.00%"
"Aug 12, 2020","20.67","20.41","20.91","19.76","69.72K","1.27%"
"Aug 11, 2020","20.41","21.27","21.49","19.92","91.24K","-4.07%"
"Aug 10, 2020","21.27","21.92","22.20","20.77","99.02K","-2.93%"
"Aug 09, 2020","21.92","21.26","21.94","20.84","102.13K","3.06%"
"Aug 08, 2020","21.27","20.79","21.30","20.70","76.36K","2.31%"
"Aug 07, 2020","20.79","21.57","21.65","19.79","69.56K","-3.62%"
"Aug 06, 2020","21.57","21.26","21.70","20.73","71.37K","1.41%"
"Aug 05, 2020","21.26","20.92","21.86","20.71","77.04K","1.63%"
"Aug 04, 2020","20.92","20.38","23.08","20.32","143.26K","2.67%"
"Aug 03, 2020","20.38","18.96","21.33","18.82","97.97K","7.51%"
"Aug 02, 2020","18.96","20.67","20.90","18.92","132.56K","-8.28%"
"Aug 01, 2020","20.67","20.11","20.74","19.99","103.41K","2.78%"
"Jul 31, 2020","20.11","20.35","20.56","19.84","72.99K","-1.20%"
"Jul 30, 2020","20.35","20.27","21.00","20.10","102.36K","0.41%"
"Jul 29, 2020","20.27","21.57","21.67","20.11","108.05K","-6.02%"
"Jul 28, 2020","21.57","20.99","22.11","20.89","252.17K","5.28%"
"Jul 27, 2020","20.49","22.52","23.50","19.44","196.94K","-9.02%"
"Jul 26, 2020","22.52","23.02","23.05","21.75","121.88K","-2.18%"
"Jul 25, 2020","23.02","23.17","24.38","22.89","116.01K","-0.66%"
"Jul 24, 2020","23.17","22.74","24.38","22.41","133.63K","1.87%"
"Jul 23, 2020","22.74","23.48","23.94","22.20","193.39K","-3.13%"
"Jul 22, 2020","23.48","23.49","25.64","23.14","286.36K","-0.04%"
"Jul 21, 2020","23.49","19.39","25.68","19.33","383.72K","21.11%"
"Jul 20, 2020","19.39","19.04","19.90","18.89","74.12K","1.84%"
"Jul 19, 2020","19.04","19.34","19.52","18.86","51.96K","-1.53%"
"Jul 18, 2020","19.34","19.12","19.68","18.70","68.69K","1.11%"
"Jul 17, 2020","19.12","19.20","19.35","18.88","60.63K","-0.34%"
"Jul 16, 2020","19.19","19.37","20.14","18.79","103.67K","-0.95%"
"Jul 15, 2020","19.37","20.01","20.40","19.11","119.42K","-3.26%"
"Jul 14, 2020","20.03","18.76","20.29","18.09","85.73K","6.75%"
"Jul 13, 2020","18.76","19.47","19.81","18.47","75.64K","-3.64%"
"Jul 12, 2020","19.47","19.28","20.01","19.20","65.66K","0.98%"
"Jul 11, 2020","19.28","19.07","19.32","18.82","67.03K","1.12%"
"Jul 10, 2020","19.07","19.28","19.87","18.70","88.89K","-1.09%"
"Jul 09, 2020","19.28","20.34","20.37","19.03","96.83K","-5.23%"
"Jul 08, 2020","20.34","19.87","21.08","19.31","153.26K","2.41%"
"Jul 07, 2020","19.86","18.99","19.87","18.78","87.94K","4.61%"
"Jul 06, 2020","18.99","18.23","19.57","18.22","123.42K","4.12%"
"Jul 05, 2020","18.23","18.89","19.04","17.50","117.28K","-3.46%"
"Jul 04, 2020","18.89","18.16","19.80","18.15","254.14K","4.00%"
"Jul 03, 2020","18.16","16.83","18.47","16.75","156.21K","7.91%"
"Jul 02, 2020","16.83","16.89","17.36","16.46","111.27K","-0.38%"
"Jul 01, 2020","16.89","16.30","17.16","16.15","108.93K","3.61%"
"Jun 30, 2020","16.30","16.86","17.58","16.29","110.88K","-3.30%"
"Jun 29, 2020","16.86","15.99","16.86","15.96","113.07K","5.43%"
"Jun 28, 2020","15.99","16.11","16.50","15.73","91.06K","-0.72%"
"Jun 27, 2020","16.11","17.55","17.81","15.60","178.47K","-8.22%"
"Jun 26, 2020","17.55","16.17","17.74","15.63","155.91K","8.51%"
"Jun 25, 2020","16.17","16.80","16.83","15.98","100.68K","-3.70%"
"Jun 24, 2020","16.80","17.63","17.80","16.31","130.35K","-4.75%"
"Jun 23, 2020","17.63","18.09","18.87","17.41","151.69K","-2.50%"
"Jun 22, 2020","18.09","17.83","18.87","17.56","136.51K","1.45%"
"Jun 21, 2020","17.83","17.62","18.18","17.31","180.03K","1.18%"
"Jun 20, 2020","17.62","18.63","19.46","17.31","334.02K","-5.45%"
"Jun 19, 2020","18.63","16.30","18.75","15.87","338.44K","14.34%"
"Jun 18, 2020","16.30","15.97","16.50","15.44","114.76K","2.05%"
"Jun 17, 2020","15.97","15.60","16.37","15.30","101.64K","2.33%"
"Jun 16, 2020","15.60","15.28","15.94","15.17","88.35K","2.10%"
"Jun 15, 2020","15.28","15.51","16.29","14.44","180.76K","-1.43%"
"Jun 14, 2020","15.51","16.84","17.07","15.28","181.09K","-7.93%"
"Jun 13, 2020","16.84","14.99","17.02","14.27","147.28K","12.33%"
"Jun 12, 2020","14.99","13.81","15.33","13.62","101.40K","8.54%"
"Jun 11, 2020","13.81","15.72","16.45","13.81","214.47K","-12.11%"
"Jun 10, 2020","15.72","14.77","16.23","14.42","190.57K","6.37%"
"Jun 09, 2020","14.77","14.78","14.86","14.37","81.43K","-0.05%"
"Jun 08, 2020","14.78","14.53","15.28","14.53","96.05K","1.72%"
"Jun 07, 2020","14.53","14.21","14.67","14.14","83.21K","2.24%"
"Jun 06, 2020","14.21","14.03","14.43","13.94","54.96K","1.31%"
"Jun 05, 2020","14.03","14.27","14.86","14.02","88.51K","-1.69%"
"Jun 04, 2020","14.27","14.33","15.32","13.97","167.09K","-0.40%"
"Jun 03, 2020","14.33","13.42","14.52","13.36","79.76K","6.79%"
"Jun 02, 2020","13.42","13.57","13.93","12.85","104.31K","-1.09%"
"Jun 01, 2020","13.57","12.83","13.65","12.75","72.94K","5.75%"
"May 31, 2020","12.83","13.38","13.38","12.75","71.41K","-4.11%"
"May 30, 2020","13.38","12.75","13.38","12.69","66.68K","4.88%"
"May 29, 2020","12.75","12.90","12.96","12.65","51.44K","-1.12%"
"May 28, 2020","12.90","12.82","12.94","12.50","58.22K","0.66%"
"May 27, 2020","12.82","12.45","12.83","12.31","84.44K","2.91%"
"May 26, 2020","12.45","12.35","12.61","12.26","72.66K","0.82%"
"May 25, 2020","12.35","12.11","12.55","12.02","51.18K","2.02%"
"May 24, 2020","12.11","12.60","12.81","12.10","56.74K","-3.88%"
"May 23, 2020","12.60","12.55","12.94","12.34","57.41K","0.33%"
"May 22, 2020","12.55","12.32","12.86","12.05","100.84K","1.90%"
"May 21, 2020","12.32","12.98","13.00","11.87","73.91K","-5.06%"
"May 20, 2020","12.98","12.89","13.31","12.78","86.93K","0.65%"
"May 19, 2020","12.89","12.91","12.99","12.74","58.96K","-0.13%"
"May 18, 2020","12.91","12.78","12.97","12.67","70.04K","0.98%"
"May 17, 2020","12.78","12.73","12.92","12.65","70.39K","0.42%"
"May 16, 2020","12.73","12.75","12.90","12.57","78.19K","-0.12%"
"May 15, 2020","12.75","12.88","13.47","12.34","156.35K","-1.04%"
"May 14, 2020","12.88","13.10","13.12","12.67","115.21K","-1.67%"
"May 13, 2020","13.10","13.03","13.46","12.76","138.01K","0.56%"
"May 12, 2020","13.03","13.51","14.24","12.70","251.14K","-4.06%"
"May 11, 2020","13.58","11.85","15.12","11.83","583.55K","14.63%"
"May 10, 2020","11.85","12.89","12.93","11.08","207.87K","-8.09%"
"May 09, 2020","12.89","13.86","14.15","12.85","325.26K","-7.05%"
"May 08, 2020","13.86","11.20","15.74","10.88","502.14K","23.83%"
"May 07, 2020","11.20","10.84","11.25","10.75","69.46K","3.31%"
"May 06, 2020","10.84","11.10","11.16","10.83","53.86K","-2.37%"
"May 05, 2020","11.10","10.86","11.46","10.85","71.44K","2.18%"
"May 04, 2020","10.86","10.80","11.57","10.23","92.32K","0.62%"
"May 03, 2020","10.80","11.23","11.30","10.71","56.14K","-3.78%"
"May 02, 2020","11.22","10.99","11.27","10.87","59.81K","2.12%"
"May 01, 2020","10.99","10.68","11.41","10.64","71.45K","2.85%"
"Apr 30, 2020","10.68","10.95","11.47","10.45","80.62K","-2.40%"
"Apr 29, 2020","10.95","10.45","11.30","10.45","99.42K","4.81%"
"Apr 28, 2020","10.45","10.49","10.56","10.28","43.41K","-0.40%"
"Apr 27, 2020","10.49","10.45","10.55","10.13","48.77K","0.40%"
"Apr 26, 2020","10.45","10.27","10.60","10.14","76.71K","1.72%"
"Apr 25, 2020","10.27","10.11","10.29","10.02","55.24K","1.61%"
"Apr 24, 2020","10.11","9.94","10.21","9.87","56.18K","1.61%"
"Apr 23, 2020","9.94","9.90","10.36","9.82","81.81K","0.42%"
"Apr 22, 2020","9.90","9.61","10.43","9.58","47.32K","3.09%"
"Apr 21, 2020","9.61","9.57","9.74","9.47","43.70K","0.43%"
"Apr 20, 2020","9.57","10.02","10.14","9.46","73.85K","-4.51%"
"Apr 19, 2020","10.02","10.19","10.22","9.90","49.75K","-1.75%"
"Apr 18, 2020","10.20","9.93","10.25","9.93","68.03K","2.72%"
"Apr 17, 2020","9.93","10.07","10.10","9.86","42.25K","-1.39%"
"Apr 16, 2020","10.07","9.57","10.14","9.41","79.72K","5.18%"
"Apr 15, 2020","9.57","9.94","10.08","9.57","57.15K","-3.72%"
"Apr 14, 2020","9.94","9.94","10.17","9.74","80.77K","0.00%"
"Apr 13, 2020","9.94","9.87","10.02","9.33","76.46K","0.74%"
"Apr 12, 2020","9.87","9.84","10.26","9.73","52.51K","0.35%"
"Apr 11, 2020","9.84","9.73","10.13","9.63","84.30K","1.09%"
"Apr 10, 2020","9.73","10.57","10.84","9.15","219.48K","-7.96%"
"Apr 09, 2020","10.57","10.36","10.59","10.15","91.17K","1.97%"
"Apr 08, 2020","10.37","10.15","10.44","10.07","67.17K","2.10%"
"Apr 07, 2020","10.15","10.18","10.46","9.98","120.72K","-0.21%"
"Apr 06, 2020","10.18","9.71","10.25","9.69","92.43K","4.85%"
"Apr 05, 2020","9.71","9.93","9.99","9.66","58.51K","-2.20%"
"Apr 04, 2020","9.92","9.86","10.05","9.67","83.11K","0.62%"
"Apr 03, 2020","9.86","10.06","10.23","9.73","87.68K","-1.95%"
"Apr 02, 2020","10.06","10.18","10.45","9.86","103.00K","-1.21%"
"Apr 01, 2020","10.18","10.19","10.50","9.79","78.46K","-0.11%"
"Mar 31, 2020","10.19","10.02","10.71","10.01","159.84K","1.79%"
"Mar 30, 2020","10.02","9.46","10.17","9.46","164.33K","5.76%"
"Mar 29, 2020","9.47","10.04","10.11","9.15","113.48K","-5.98%"
"Mar 28, 2020","10.07","9.97","10.88","9.36","247.97K","1.06%"
"Mar 27, 2020","9.97","10.30","11.77","9.61","291.20K","-3.23%"
"Mar 26, 2020","10.30","9.18","11.90","9.05","347.97K","12.17%"
"Mar 25, 2020","9.18","8.58","9.28","8.31","107.14K","7.00%"
"Mar 24, 2020","8.58","8.59","8.71","8.43","58.45K","-0.14%"
"Mar 23, 2020","8.59","7.78","8.73","7.57","70.66K","10.44%"
"Mar 22, 2020","7.78","8.74","9.00","7.76","98.80K","-10.97%"
"Mar 21, 2020","8.74","8.17","8.84","7.88","98.70K","6.93%"
"Mar 20, 2020","8.17","8.90","9.35","7.75","180.46K","-8.14%"
"Mar 19, 2020","8.90","8.03","9.23","8.02","147.61K","10.86%"
"Mar 18, 2020","8.03","7.28","8.41","6.91","138.37K","10.19%"
"Mar 17, 2020","7.28","6.79","7.55","6.74","76.23K","7.20%"
"Mar 16, 2020","6.79","7.51","7.62","6.23","82.38K","-9.49%"
"Mar 15, 2020","7.51","7.43","8.05","7.06","87.66K","0.99%"
"Mar 14, 2020","7.43","7.91","8.37","7.32","95.90K","-6.04%"
"Mar 13, 2020","7.91","6.55","8.53","5.60","236.38K","14.28%"
"Mar 12, 2020","6.92","11.43","11.47","6.45","237.33K","-39.44%"
"Mar 11, 2020","11.43","11.67","11.92","10.83","93.44K","-2.07%"
"Mar 10, 2020","11.67","12.04","13.08","11.36","147.73K","-3.06%"
"Mar 09, 2020","12.04","10.97","12.16","10.64","109.10K","9.76%"
"Mar 08, 2020","10.97","12.66","12.68","10.96","87.58K","-13.43%"
"Mar 07, 2020","12.67","12.69","13.31","12.54","100.71K","-0.22%"
"Mar 06, 2020","12.70","12.59","12.81","12.45","57.50K","0.88%"
"Mar 05, 2020","12.59","12.54","12.89","12.42","68.04K","0.36%"
"Mar 04, 2020","12.54","12.15","12.67","12.05","64.94K","3.21%"
"Mar 03, 2020","12.15","12.77","12.96","12.03","80.53K","-4.86%"
"Mar 02, 2020","12.77","12.37","13.39","12.26","127.65K","3.23%"
"Mar 01, 2020","12.37","11.12","13.48","11.10","234.85K","11.29%"
"Feb 29, 2020","11.12","11.34","11.54","11.12","54.66K","-1.99%"
"Feb 28, 2020","11.34","11.57","11.73","10.86","74.35K","-1.85%"
"Feb 27, 2020","11.56","11.18","12.08","10.76","80.25K","3.34%"
"Feb 26, 2020","11.18","12.74","12.78","10.74","89.47K","-12.24%"
"Feb 25, 2020","12.74","13.29","13.29","12.44","64.34K","-4.01%"
"Feb 24, 2020","13.28","13.68","13.86","12.62","90.16K","-3.11%"
"Feb 23, 2020","13.70","13.14","13.73","13.13","52.78K","4.30%"
"Feb 22, 2020","13.14","13.54","13.59","13.04","57.48K","-2.96%"
"Feb 21, 2020","13.54","13.80","13.87","13.25","82.02K","-1.90%"
"Feb 20, 2020","13.80","13.49","13.89","12.65","101.80K","2.32%"
"Feb 19, 2020","13.49","14.27","15.42","13.33","119.79K","-5.47%"
"Feb 18, 2020","14.27","14.01","14.50","13.48","123.20K","1.83%"
"Feb 17, 2020","14.01","14.37","14.37","12.76","113.25K","-2.53%"
"Feb 16, 2020","14.37","14.74","15.16","12.96","131.77K","-2.48%"
"Feb 15, 2020","14.74","16.45","17.14","14.59","125.40K","-10.41%"
"Feb 14, 2020","16.45","16.20","16.88","16.03","233.79K","1.58%"
"Feb 13, 2020","16.20","17.31","17.88","16.12","144.77K","-6.41%"
"Feb 12, 2020","17.31","16.71","18.58","16.60","122.93K","3.46%"
"Feb 11, 2020","16.73","16.28","16.82","15.66","92.47K","2.77%"
"Feb 10, 2020","16.28","16.35","16.45","15.57","61.41K","-0.47%"
"Feb 09, 2020","16.35","16.13","16.58","16.07","77.53K","1.40%"
"Feb 08, 2020","16.13","15.90","16.27","15.14","83.79K","1.44%"
"Feb 07, 2020","15.90","15.70","16.33","15.61","72.37K","1.25%"
"Feb 06, 2020","15.70","15.73","16.62","15.47","83.40K","-0.14%"
"Feb 05, 2020","15.73","15.41","15.84","15.00","139.24K","2.02%"
"Feb 04, 2020","15.41","15.08","16.65","15.08","193.98K","2.19%"
"Feb 03, 2020","15.08","14.31","15.11","14.29","80.52K","5.39%"
"Feb 02, 2020","14.31","14.16","14.67","14.03","79.84K","1.08%"
"Feb 01, 2020","14.16","14.28","14.43","14.08","75.96K","-0.77%"
"Jan 31, 2020","14.27","14.70","14.71","14.08","63.46K","-2.91%"
"Jan 30, 2020","14.70","14.14","14.77","13.90","88.71K","3.93%"
"Jan 29, 2020","14.14","14.58","14.85","14.04","124.22K","-2.99%"
"Jan 28, 2020","14.58","14.51","14.81","14.27","78.28K","0.48%"
"Jan 27, 2020","14.51","14.41","15.19","14.37","105.34K","0.71%"
"Jan 26, 2020","14.41","14.52","14.98","14.07","84.43K","-0.79%"
"Jan 25, 2020","14.52","14.98","15.59","14.12","136.26K","-3.04%"
"Jan 24, 2020","14.98","13.63","15.08","12.92","121.78K","9.91%"
"Jan 23, 2020","13.63","13.86","13.91","13.07","69.06K","-1.67%"
"Jan 22, 2020","13.86","14.08","14.29","13.82","58.28K","-1.65%"
"Jan 21, 2020","14.09","14.13","14.43","13.86","58.51K","-0.65%"
"Jan 20, 2020","14.18","13.52","14.54","13.18","91.70K","4.93%"
"Jan 19, 2020","13.52","14.10","15.39","13.29","90.88K","-4.17%"
"Jan 18, 2020","14.10","15.01","15.81","13.98","129.72K","-6.06%"
"Jan 17, 2020","15.01","15.78","16.69","14.52","295.29K","-5.90%"
"Jan 16, 2020","15.96","20.10","21.69","14.07","815.74K","-20.62%"
"Jan 15, 2020","20.10","10.05","22.11","10.01","261.96K","99.90%"
"Jan 14, 2020","10.06","9.50","10.16","9.46","81.96K","5.86%"
"Jan 13, 2020","9.50","9.52","9.68","9.39","61.46K","-0.18%"
"Jan 12, 2020","9.52","9.49","9.69","9.42","45.90K","0.25%"
"Jan 11, 2020","9.49","9.28","9.73","9.21","41.08K","2.32%"
"Jan 10, 2020","9.28","9.24","9.68","9.08","66.81K","0.38%"
"Jan 09, 2020","9.24","9.60","9.73","9.22","51.29K","-3.63%"
"Jan 08, 2020","9.59","9.56","10.07","9.38","64.02K","0.38%"
"Jan 07, 2020","9.56","9.66","9.88","9.47","50.17K","-1.12%"
"Jan 06, 2020","9.66","9.41","9.94","9.25","60.83K","2.66%"
"Jan 05, 2020","9.41","9.11","9.65","9.02","58.01K","3.30%"
"Jan 04, 2020","9.11","8.82","9.17","8.75","44.83K","3.33%"
"Jan 03, 2020","8.82","8.52","9.32","8.46","53.27K","3.55%"
"Jan 02, 2020","8.52","8.60","9.00","8.47","71.42K","-0.97%"
"Jan 01, 2020","8.60","8.75","8.98","8.54","63.97K","-1.77%"
"Dec 31, 2019","8.75","9.09","9.10","8.55","98.89K","-3.70%"
"Dec 30, 2019","9.09","9.27","9.97","9.06","59.82K","-1.90%"
"Dec 29, 2019","9.27","9.15","9.36","9.05","43.41K","1.25%"
"Dec 28, 2019","9.15","9.32","9.40","9.10","55.28K","-1.80%"
"Dec 27, 2019","9.32","9.25","9.40","9.07","42.98K","0.75%"
"Dec 26, 2019","9.25","9.43","9.60","9.15","43.87K","-1.91%"
"Dec 25, 2019","9.43","9.69","9.86","9.23","40.62K","-2.69%"
"Dec 24, 2019","9.69","9.75","9.88","9.63","43.46K","-0.64%"
"Dec 23, 2019","9.75","9.82","10.03","9.71","47.84K","-0.67%"
"Dec 22, 2019","9.82","9.77","9.91","9.62","40.26K","0.54%"
"Dec 21, 2019","9.77","9.72","9.85","9.59","40.48K","0.44%"
"Dec 20, 2019","9.72","9.51","9.80","9.42","45.40K","2.24%"
"Dec 19, 2019","9.51","9.98","10.09","9.34","53.23K","-4.74%"
"Dec 18, 2019","9.98","8.64","10.04","8.52","72.85K","15.50%"
"Dec 17, 2019","8.64","9.47","9.52","8.46","69.12K","-8.70%"
"Dec 16, 2019","9.47","10.04","10.28","9.41","73.97K","-5.68%"
"Dec 15, 2019","10.04","9.87","10.31","9.81","69.47K","1.67%"
"Dec 14, 2019","9.87","10.25","10.26","9.79","77.82K","-3.65%"
"Dec 13, 2019","10.25","10.05","10.35","9.92","80.20K","1.98%"
"Dec 12, 2019","10.05","10.16","10.23","9.82","84.53K","-1.12%"
"Dec 11, 2019","10.16","10.21","10.43","10.11","80.03K","-0.42%"
"Dec 10, 2019","10.20","10.13","10.39","9.87","90.91K","0.69%"
"Dec 09, 2019","10.13","10.39","10.51","10.09","75.06K","-2.45%"
"Dec 08, 2019","10.39","10.37","10.57","10.24","75.77K","0.14%"
"Dec 07, 2019","10.37","10.40","10.61","10.27","81.99K","-0.36%"
"Dec 06, 2019","10.41","10.65","10.65","10.18","75.84K","-2.27%"
"Dec 05, 2019","10.65","9.99","10.67","9.90","81.48K","6.69%"
"Dec 04, 2019","9.99","10.15","10.47","9.90","99.77K","-1.63%"
"Dec 03, 2019","10.15","10.26","10.44","10.11","74.79K","-1.01%"
"Dec 02, 2019","10.26","10.77","10.83","10.12","75.44K","-4.75%"
"Dec 01, 2019","10.77","10.87","10.92","10.46","65.99K","-0.97%"
"Nov 30, 2019","10.87","11.03","11.07","10.59","65.89K","-1.43%"
"Nov 29, 2019","11.03","10.70","11.11","10.61","69.24K","3.11%"
"Nov 28, 2019","10.70","10.85","10.97","10.64","71.49K","-1.40%"
"Nov 27, 2019","10.85","10.74","10.98","10.12","84.39K","0.98%"
"Nov 26, 2019","10.74","10.45","11.04","10.37","95.61K","2.79%"
"Nov 25, 2019","10.45","10.26","11.10","9.48","124.12K","1.88%"
"Nov 24, 2019","10.26","11.21","11.28","10.24","90.09K","-8.46%"
"Nov 23, 2019","11.21","10.70","11.53","10.63","112.73K","4.70%"
"Nov 22, 2019","10.70","11.36","11.38","9.91","133.24K","-5.28%"
"Nov 21, 2019","11.30","11.86","12.31","10.90","128.36K","-5.06%"
"Nov 20, 2019","11.90","10.31","12.55","10.31","197.84K","15.43%"
"Nov 19, 2019","10.31","10.93","11.03","10.01","131.16K","-5.70%"
"Nov 18, 2019","10.93","11.40","11.78","10.70","123.90K","-4.12%"
"Nov 17, 2019","11.40","11.11","11.41","10.96","112.68K","2.63%"
"Nov 16, 2019","11.11","10.87","11.27","10.77","118.07K","2.21%"
"Nov 15, 2019","10.87","11.16","11.60","10.73","116.63K","-2.55%"
"Nov 14, 2019","11.16","11.59","11.76","10.91","148.71K","-3.68%"
"Nov 13, 2019","11.58","11.66","12.37","10.75","134.91K","-0.70%"
"Nov 12, 2019","11.66","11.79","12.19","11.43","121.21K","-1.04%"
"Nov 11, 2019","11.79","12.25","12.28","11.66","136.37K","-3.76%"
"Nov 10, 2019","12.25","12.18","12.54","11.86","160.96K","0.54%"
"Nov 09, 2019","12.18","11.20","12.64","10.97","218.17K","8.76%"
"Nov 08, 2019","11.20","11.28","12.30","10.38","256.18K","-0.72%"
"Nov 07, 2019","11.28","11.31","11.97","10.80","199.48K","-0.23%"
"Nov 06, 2019","11.31","12.04","12.39","11.29","195.75K","-6.11%"
"Nov 05, 2019","12.04","12.13","12.88","11.57","250.83K","-0.74%"
"Nov 04, 2019","12.13","10.25","12.68","10.21","351.86K","18.31%"
"Nov 03, 2019","10.25","9.82","10.81","9.58","226.20K","4.36%"
"Nov 02, 2019","9.82","9.17","10.10","8.92","193.47K","7.14%"
"Nov 01, 2019","9.17","8.95","9.29","8.61","171.22K","2.52%"
"Oct 31, 2019","8.95","8.89","9.26","8.75","146.19K","0.64%"
"Oct 30, 2019","8.89","9.13","9.26","8.71","164.14K","-2.60%"
"Oct 29, 2019","9.13","9.15","10.19","8.79","234.84K","-0.31%"
"Oct 28, 2019","9.15","8.39","9.45","8.27","186.38K","9.07%"
"Oct 27, 2019","8.39","8.21","8.64","7.96","146.98K","2.16%"
"Oct 26, 2019","8.22","7.82","8.77","7.81","203.65K","5.12%"
"Oct 25, 2019","7.82","7.56","8.22","7.24","139.79K","3.41%"
"Oct 24, 2019","7.56","7.34","7.58","7.23","111.94K","3.00%"
"Oct 23, 2019","7.34","7.86","8.02","7.21","132.52K","-6.69%"
"Oct 22, 2019","7.86","8.20","8.36","7.83","119.61K","-4.09%"
"Oct 21, 2019","8.20","8.10","8.39","7.89","140.50K","1.17%"
"Oct 20, 2019","8.10","8.14","8.40","7.83","115.48K","-0.44%"
"Oct 19, 2019","8.14","8.15","8.43","7.90","115.06K","-0.14%"
"Oct 18, 2019","8.15","8.07","8.25","7.95","104.79K","1.07%"
"Oct 17, 2019","8.07","8.02","8.21","7.86","122.17K","0.56%"
"Oct 16, 2019","8.02","8.19","8.24","7.85","120.48K","-2.08%"
"Oct 15, 2019","8.19","8.21","8.46","7.99","140.14K","-0.26%"
"Oct 14, 2019","8.21","8.11","8.29","7.94","133.43K","1.74%"
"Oct 13, 2019","8.07","8.16","8.43","7.90","147.34K","-1.15%"
"Oct 12, 2019","8.17","8.28","8.42","7.90","123.94K","-1.33%"
"Oct 11, 2019","8.28","8.39","8.72","7.95","143.55K","-1.30%"
"Oct 10, 2019","8.39","8.64","8.82","8.28","137.81K","-2.96%"
"Oct 09, 2019","8.64","8.33","8.81","8.23","156.56K","3.72%"
"Oct 08, 2019","8.33","8.27","8.69","8.06","128.39K","0.78%"
"Oct 07, 2019","8.27","8.00","8.47","7.90","116.83K","3.39%"
"Oct 06, 2019","8.00","8.06","8.06","7.85","21.90K","-0.76%"
"Oct 05, 2019","8.06","8.10","8.27","7.98","114.73K","-0.49%"
"Oct 04, 2019","8.10","8.18","8.30","7.90","113.30K","-1.04%"
"Oct 03, 2019","8.18","8.23","8.81","7.97","133.32K","-0.86%"
"Oct 02, 2019","8.25","8.17","8.32","8.09","94.10K","1.06%"
"Oct 01, 2019","8.17","8.33","8.78","8.16","108.50K","-2.07%"
"Sep 30, 2019","8.34","8.18","8.52","7.66","134.65K","1.89%"
"Sep 29, 2019","8.18","8.33","8.45","7.91","125.19K","-1.77%"
"Sep 28, 2019","8.33","8.18","8.51","8.09","116.08K","1.84%"
"Sep 27, 2019","8.18","8.04","8.46","7.81","138.86K","1.75%"
"Sep 26, 2019","8.04","8.55","8.91","7.65","138.91K","-5.97%"
"Sep 25, 2019","8.55","8.81","9.12","8.01","141.89K","-3.02%"
"Sep 24, 2019","8.82","10.46","10.63","8.37","152.92K","-15.71%"
"Sep 23, 2019","10.46","10.54","10.80","10.22","131.76K","-0.72%"
"Sep 22, 2019","10.54","10.79","10.84","10.35","119.36K","-2.32%"
"Sep 21, 2019","10.79","10.83","10.94","10.37","100.55K","-0.31%"
"Sep 20, 2019","10.82","10.62","11.05","10.54","117.06K","1.85%"
"Sep 19, 2019","10.62","10.55","10.95","10.16","153.26K","0.75%"
"Sep 18, 2019","10.55","10.71","11.47","10.48","170.34K","-1.45%"
"Sep 17, 2019","10.70","10.53","12.02","10.16","158.88K","1.53%"
"Sep 16, 2019","10.54","10.28","10.62","10.23","108.37K","2.70%"
"Sep 15, 2019","10.26","10.52","10.64","10.19","111.87K","-2.44%"
"Sep 14, 2019","10.52","10.43","10.62","10.20","123.76K","0.85%"
"Sep 13, 2019","10.43","10.32","10.74","10.15","133.62K","1.03%"
"Sep 12, 2019","10.32","10.28","11.28","9.94","177.49K","0.40%"
"Sep 11, 2019","10.28","10.39","10.44","9.93","134.25K","-1.08%"
"Sep 10, 2019","10.40","10.65","10.90","9.94","150.38K","-2.52%"
"Sep 09, 2019","10.66","11.05","11.14","10.31","160.22K","-3.49%"
"Sep 08, 2019","11.05","10.89","11.38","10.65","171.18K","1.37%"
"Sep 07, 2019","10.90","11.07","11.86","10.56","210.81K","-1.24%"
"Sep 06, 2019","11.04","9.23","12.42","9.14","375.05K","19.49%"
"Sep 05, 2019","9.24","8.45","9.33","8.32","184.06K","9.33%"
"Sep 04, 2019","8.45","8.29","11.64","8.12","234.99K","1.82%"
"Sep 03, 2019","8.30","8.12","8.52","8.10","163.17K","2.22%"
"Sep 02, 2019","8.12","8.01","10.15","7.81","170.93K","1.34%"
"Sep 01, 2019","8.01","7.78","8.23","7.78","131.81K","2.92%"
"Aug 31, 2019","7.78","8.24","8.31","7.76","126.58K","-5.55%"
"Aug 30, 2019","8.24","8.09","8.54","7.92","133.75K","1.84%"
"Aug 29, 2019","8.09","8.32","8.48","7.87","198.04K","-2.79%"
"Aug 28, 2019","8.32","9.34","9.47","8.09","159.66K","-10.88%"
"Aug 27, 2019","9.34","9.54","9.70","9.31","151.89K","-2.13%"
"Aug 26, 2019","9.54","9.58","9.75","9.51","112.57K","-0.36%"
"Aug 25, 2019","9.58","9.74","9.92","9.45","104.42K","-1.80%"
"Aug 24, 2019","9.75","9.79","9.98","9.45","117.20K","-0.35%"
"Aug 23, 2019","9.79","9.94","10.10","9.66","126.31K","-1.56%"
"Aug 22, 2019","9.94","9.84","10.16","9.47","127.97K","1.00%"
"Aug 21, 2019","9.84","10.09","10.54","9.37","178.82K","-2.52%"
"Aug 20, 2019","10.10","10.42","11.36","10.08","175.38K","-2.62%"
"Aug 19, 2019","10.37","9.74","10.44","9.70","99.72K","6.42%"
"Aug 18, 2019","9.74","9.58","11.51","9.43","117.73K","1.70%"
"Aug 17, 2019","9.58","9.83","9.83","9.41","98.10K","-2.53%"
"Aug 16, 2019","9.83","10.09","10.16","9.47","138.96K","-2.55%"
"Aug 15, 2019","10.09","9.73","10.17","9.15","161.82K","3.70%"
"Aug 14, 2019","9.73","10.64","10.68","9.47","162.19K","-8.58%"
"Aug 13, 2019","10.64","10.97","10.98","10.48","89.36K","-2.95%"
"Aug 12, 2019","10.97","10.97","11.28","10.78","106.01K","0.00%"
"Aug 11, 2019","10.97","10.93","11.37","10.54","182.06K","0.35%"
"Aug 10, 2019","10.93","11.06","11.18","10.53","324.17K","-1.23%"
"Aug 09, 2019","11.06","11.14","11.20","10.27","193.81K","-0.73%"
"Aug 08, 2019","11.14","11.10","11.18","10.85","265.64K","0.38%"
"Aug 07, 2019","11.10","11.01","11.76","10.79","298.54K","0.80%"
"Aug 06, 2019","11.01","11.76","11.78","10.79","363.06K","-6.37%"
"Aug 05, 2019","11.76","10.88","13.25","10.86","444.94K","8.12%"
"Aug 04, 2019","10.88","11.10","11.23","10.63","271.27K","-2.02%"
"Aug 03, 2019","11.10","11.10","11.55","10.94","297.25K","0.00%"
"Aug 02, 2019","11.10","11.07","11.50","10.96","240.94K","0.26%"
"Aug 01, 2019","11.07","11.51","11.59","11.05","253.08K","-3.81%"
"Jul 31, 2019","11.51","11.70","11.90","11.25","244.46K","-1.65%"
"Jul 30, 2019","11.70","11.17","11.74","11.01","43.68K","4.76%"
"Jul 29, 2019","11.17","11.14","11.52","10.94","35.54K","0.51%"
"Jul 28, 2019","11.12","11.11","11.20","10.61","33.07K","0.05%"
"Jul 27, 2019","11.11","11.52","11.90","10.87","38.07K","-3.58%"
"Jul 26, 2019","11.52","11.44","11.66","11.22","36.82K","0.89%"
"Jul 25, 2019","11.42","11.74","12.08","11.35","39.56K","-2.71%"
"Jul 24, 2019","11.74","11.67","11.86","11.18","45.46K","0.62%"
"Jul 23, 2019","11.67","12.06","12.35","11.64","34.09K","-3.23%"
"Jul 22, 2019","12.06","12.62","12.75","11.91","29.12K","-4.46%"
"Jul 21, 2019","12.62","12.77","12.89","12.31","27.89K","-1.19%"
"Jul 20, 2019","12.77","12.37","13.17","12.19","41.93K","3.27%"
"Jul 19, 2019","12.37","12.07","12.60","11.52","53.06K","2.61%"
"Jul 18, 2019","12.05","11.19","12.71","10.85","60.29K","7.68%"
"Jul 17, 2019","11.19","10.76","11.63","10.02","65.80K","4.05%"
"Jul 16, 2019","10.76","12.85","13.18","10.41","58.59K","-16.30%"
"Jul 15, 2019","12.85","13.17","13.21","12.31","53.45K","-2.43%"
"Jul 14, 2019","13.17","14.66","14.79","13.15","37.64K","-10.12%"
"Jul 13, 2019","14.66","15.50","15.76","14.20","32.46K","-5.42%"
"Jul 12, 2019","15.50","14.24","15.52","13.98","56.75K","8.83%"
"Jul 11, 2019","14.24","15.26","15.68","14.03","72.22K","-6.72%"
"Jul 10, 2019","15.26","16.26","17.25","14.98","112.04K","-6.84%"
"Jul 09, 2019","16.38","14.60","18.32","14.56","220.80K","12.20%"
"Jul 08, 2019","14.60","14.83","14.94","14.32","32.23K","-1.51%"
"Jul 07, 2019","14.83","14.38","14.83","14.21","21.73K","3.11%"
"Jul 06, 2019","14.38","14.21","15.10","14.21","45.89K","1.19%"
"Jul 05, 2019","14.21","14.30","14.46","13.79","51.11K","-0.62%"
"Jul 04, 2019","14.30","14.50","15.29","14.17","41.21K","-1.42%"
"Jul 03, 2019","14.50","14.81","15.25","14.50","38.24K","-2.08%"
"Jul 02, 2019","14.81","15.21","15.33","13.91","65.39K","-2.61%"
"Jul 01, 2019","15.21","15.61","16.28","14.70","40.49K","-2.54%"
"Jun 30, 2019","15.61","16.78","17.20","15.59","40.38K","-7.03%"
"Jun 29, 2019","16.78","16.96","17.10","15.82","57.50K","-1.03%"
"Jun 28, 2019","16.96","16.61","17.35","15.86","45.57K","2.08%"
"Jun 27, 2019","16.61","17.70","19.54","16.29","126.55K","-6.11%"
"Jun 26, 2019","17.70","17.90","18.25","17.04","85.34K","-1.13%"
"Jun 25, 2019","17.90","18.22","18.23","17.44","39.59K","-1.75%"
"Jun 24, 2019","18.22","18.21","18.25","17.72","28.68K","0.04%"
"Jun 23, 2019","18.21","18.52","18.54","18.09","29.06K","-1.66%"
"Jun 22, 2019","18.52","18.25","18.92","18.05","57.19K","1.48%"
"Jun 21, 2019","18.25","17.95","18.44","17.84","31.91K","1.66%"
"Jun 20, 2019","17.95","18.31","18.36","17.79","22.19K","-2.00%"
"Jun 19, 2019","18.31","18.07","18.51","18.02","9.87K","1.34%"
"Jun 18, 2019","18.07","18.74","19.12","17.79","27.80K","-3.58%"
"Jun 17, 2019","18.74","18.75","18.94","18.52","20.29K","-0.03%"
"Jun 16, 2019","18.75","18.78","19.58","18.15","21.28K","-0.18%"
"Jun 15, 2019","18.78","18.30","18.84","18.05","23.69K","2.62%"
"Jun 14, 2019","18.30","18.43","19.10","17.65","22.66K","-0.71%"
"Jun 13, 2019","18.43","18.59","18.74","18.25","13.32K","-0.82%"
"Jun 12, 2019","18.59","18.63","18.82","18.23","17.82K","-0.21%"
"Jun 11, 2019","18.63","18.89","19.68","18.10","20.93K","-1.38%"
"Jun 10, 2019","18.89","17.97","19.04","17.57","26.16K","5.12%"
"Jun 09, 2019","17.97","19.22","20.95","17.51","59.22K","-6.53%"
"Jun 08, 2019","19.22","18.48","19.28","18.24","17.48K","4.03%"
"Jun 07, 2019","18.48","17.61","18.59","17.49","18.54K","4.94%"
"Jun 06, 2019","17.61","17.63","17.88","16.89","13.14K","-0.10%"
"Jun 05, 2019","17.63","17.09","18.96","17.02","22.01K","3.11%"
"Jun 04, 2019","17.09","18.54","18.54","16.68","29.19K","-7.81%"
"Jun 03, 2019","18.54","19.76","19.85","18.42","15.42K","-6.16%"
"Jun 02, 2019","19.76","19.44","19.85","19.27","12.35K","1.65%"
"Jun 01, 2019","19.44","19.68","19.79","19.30","14.24K","-1.23%"
"May 31, 2019","19.68","19.28","19.72","18.28","33.35K","2.12%"
"May 30, 2019","19.28","20.56","21.21","18.91","64.22K","-6.24%"
"May 29, 2019","20.56","20.45","21.15","19.93","44.60K","0.51%"
"May 28, 2019","20.45","20.29","20.64","20.07","28.95K","0.79%"
"May 27, 2019","20.29","20.11","20.97","19.85","58.68K","1.20%"
"May 26, 2019","20.05","19.57","20.48","19.15","31.66K","2.47%"
"May 25, 2019","19.57","19.29","19.98","19.29","14.84K","1.48%"
"May 24, 2019","19.29","19.62","20.68","19.21","36.75K","-1.71%"
"May 23, 2019","19.62","19.35","19.75","18.39","24.84K","1.40%"
"May 22, 2019","19.35","20.53","21.32","19.26","30.52K","-5.74%"
"May 21, 2019","20.53","21.25","21.25","20.02","54.83K","-3.38%"
"May 20, 2019","21.25","22.66","22.82","20.65","15.60K","-6.22%"
"May 19, 2019","22.66","21.78","22.89","21.78","28.42K","4.02%"
"May 18, 2019","21.78","21.20","22.16","21.01","20.44K","2.72%"
"May 17, 2019","21.20","22.95","23.20","19.14","44.31K","-7.61%"
"May 16, 2019","22.95","24.30","25.96","22.35","54.54K","-5.57%"
"May 15, 2019","24.30","21.20","24.85","20.93","57.82K","14.65%"
"May 14, 2019","21.20","20.67","21.40","20.49","34.11K","2.54%"
"May 13, 2019","20.67","20.11","21.33","19.92","29.37K","2.80%"
"May 12, 2019","20.11","21.25","21.48","19.85","32.74K","-5.39%"
"May 11, 2019","21.25","19.88","21.87","19.77","46.07K","6.92%"
"May 10, 2019","19.88","19.12","20.12","18.66","20.53K","3.98%"
"May 09, 2019","19.12","19.81","20.16","18.81","11.62K","-3.51%"
"May 08, 2019","19.81","19.92","20.00","19.56","10.25K","-0.55%"
"May 07, 2019","19.92","20.74","21.11","19.71","16.13K","-3.93%"
"May 06, 2019","20.74","20.01","20.75","19.57","15.19K","3.63%"
"May 05, 2019","20.01","20.09","20.33","19.84","5.48K","-0.40%"
"May 04, 2019","20.09","20.46","21.14","19.75","14.64K","-1.79%"
"May 03, 2019","20.46","20.07","20.84","19.64","23.10K","1.93%"
"May 02, 2019","20.07","20.37","20.80","19.99","11.69K","-1.48%"
"May 01, 2019","20.37","21.02","21.20","20.06","19.31K","-3.07%"
"Apr 30, 2019","21.02","20.33","21.64","20.11","27.06K","3.40%"
"Apr 29, 2019","20.33","21.10","21.36","19.47","26.88K","-3.65%"
"Apr 28, 2019","21.10","21.42","21.95","20.85","14.68K","-1.53%"
"Apr 27, 2019","21.42","21.72","22.02","21.17","10.44K","-1.35%"
"Apr 26, 2019","21.72","21.11","22.15","20.53","31.62K","2.87%"
"Apr 25, 2019","21.11","21.81","23.06","20.50","44.83K","-3.18%"
"Apr 24, 2019","21.81","21.74","22.25","20.34","28.55K","0.29%"
"Apr 23, 2019","21.74","22.87","22.92","21.37","30.55K","-4.93%"
"Apr 22, 2019","22.87","20.69","23.76","20.68","89.33K","10.54%"
"Apr 21, 2019","20.69","21.51","21.53","20.00","0.79K","-3.80%"
"Apr 20, 2019","21.51","22.06","22.13","21.39","0.90K","-2.50%"
"Apr 19, 2019","22.06","21.42","22.30","20.77","2.42K","2.95%"
"Apr 18, 2019","21.43","20.08","23.08","20.08","6.11K","6.69%"
"Apr 17, 2019","20.08","18.80","20.08","18.80","1.93K","6.83%"
"Apr 16, 2019","18.80","18.69","19.09","18.31","1.52K","0.55%"
"Apr 15, 2019","18.69","20.20","20.41","18.25","3.21K","-7.48%"
"Apr 14, 2019","20.20","18.57","20.20","18.57","1.14K","8.80%"
"Apr 13, 2019","18.57","19.29","19.30","18.27","0.85K","-3.72%"
"Apr 12, 2019","19.29","18.36","20.46","17.78","4.88K","5.07%"
"Apr 11, 2019","18.36","19.93","19.93","16.95","6.72K","-7.90%"
"Apr 10, 2019","19.93","20.49","20.63","19.52","4.15K","-2.71%"
"Apr 09, 2019","20.49","22.26","22.26","20.11","2.86K","-7.99%"
"Apr 08, 2019","22.26","22.39","24.73","20.66","5.42K","-0.58%"
"Apr 07, 2019","22.39","21.61","22.95","20.53","3.06K","3.62%"
"Apr 06, 2019","21.61","19.49","23.89","19.34","4.05K","10.88%"
"Apr 05, 2019","19.49","19.30","20.00","18.95","3.48K","1.01%"
"Apr 04, 2019","19.30","19.78","21.07","18.49","4.13K","-2.45%"
"Apr 03, 2019","19.78","17.82","25.24","17.50","20.69K","11.01%"
"Apr 02, 2019","17.82","15.98","19.54","15.70","6.20K","11.49%"
"Apr 01, 2019","15.98","15.49","15.98","15.30","3.69K","3.18%"
"Mar 31, 2019","15.49","15.83","15.84","15.06","1.64K","-2.15%"
"Mar 30, 2019","15.83","14.93","17.55","14.78","4.72K","6.06%"
"Mar 29, 2019","14.93","14.46","14.93","14.36","0.76K","3.23%"
"Mar 28, 2019","14.46","14.54","14.70","14.46","0.47K","-0.59%"
"Mar 27, 2019","14.54","14.25","14.59","14.25","0.80K","2.03%"
"Mar 26, 2019","14.25","14.28","14.28","13.90","0.34K","-0.15%"
"Mar 25, 2019","14.28","14.29","14.32","13.90","0.41K","-0.13%"
"Mar 24, 2019","14.29","14.26","14.49","14.24","0.24K","0.22%"
"Mar 23, 2019","14.26","14.27","14.49","14.22","0.17K","0.00%"
"Mar 22, 2019","14.27","14.30","14.47","14.16","0.15K","-0.21%"
"Mar 21, 2019","14.30","14.93","14.93","13.92","2.33K","-4.22%"
"Mar 20, 2019","14.93","14.72","15.09","14.50","0.14K","1.41%"
"Mar 19, 2019","14.72","15.02","15.02","14.47","0.59K","-2.01%"
"Mar 18, 2019","15.02","14.65","15.40","14.57","1.36K","2.52%"
"Mar 17, 2019","14.65","14.44","14.72","14.11","0.54K","1.47%"
"Mar 16, 2019","14.44","14.43","14.81","14.20","0.16K","0.08%"
"Mar 15, 2019","14.43","14.36","15.05","13.90","2.32K","0.48%"
"Mar 14, 2019","14.36","14.00","14.38","13.57","1.05K","2.53%"
"Mar 13, 2019","14.00","14.00","14.18","13.61","1.30K","0.00%"
"Mar 12, 2019","14.00","14.69","14.89","13.35","1.20K","-4.70%"
"Mar 11, 2019","14.69","13.64","15.15","13.61","3.38K","7.71%"
"Mar 10, 2019","13.64","12.98","13.68","12.98","0.61K","5.10%"
"Mar 09, 2019","12.98","12.69","13.49","12.66","1.09K","2.23%"
"Mar 08, 2019","12.69","13.00","13.15","12.48","2.31K","-2.36%"
"Mar 07, 2019","13.00","12.69","13.23","12.49","1.54K","2.41%"
"Mar 06, 2019","12.69","12.72","12.90","12.40","1.33K","-0.20%"
"Mar 05, 2019","12.72","12.27","12.84","12.16","0.95K","3.63%"
"Mar 04, 2019","12.27","13.02","13.02","11.73","1.46K","-5.75%"
"Mar 03, 2019","13.02","12.54","13.70","12.52","0.81K","3.83%"
"Mar 02, 2019","12.54","12.75","12.91","12.50","0.40K","-1.62%"
"Mar 01, 2019","12.75","12.50","12.98","12.50","0.22K","2.00%"
"Feb 28, 2019","12.50","12.87","12.87","12.44","0.18K","-2.87%"
"Feb 27, 2019","12.87","12.94","12.94","12.50","0.25K","-0.51%"
"Feb 26, 2019","12.94","12.82","13.11","12.73","0.59K","0.87%"
"Feb 25, 2019","12.82","12.59","13.11","12.55","1.18K","1.86%"
"Feb 24, 2019","12.59","14.20","14.38","12.50","1.68K","-11.33%"
"Feb 23, 2019","14.20","13.80","14.20","13.60","1.08K","2.89%"
"Feb 22, 2019","13.80","13.72","13.92","13.66","0.34K","0.58%"
"Feb 21, 2019","13.72","14.06","14.10","13.55","1.10K","-2.42%"
"Feb 20, 2019","14.06","14.00","14.06","13.62","2.13K","0.44%"
"Feb 19, 2019","14.00","14.15","14.50","13.90","1.53K","-1.06%"
"Feb 18, 2019","14.15","13.79","14.37","13.79","3.00K","2.63%"
"Feb 17, 2019","13.79","13.55","13.79","13.42","0.31K","1.78%"
"Feb 16, 2019","13.55","13.30","13.55","13.30","0.88K","1.85%"
"Feb 15, 2019","13.30","13.37","13.60","13.25","0.91K","-0.52%"
"Feb 14, 2019","13.37","13.53","13.69","13.33","0.61K","-1.20%"
"Feb 13, 2019","13.53","13.59","13.71","13.33","1.86K","-0.46%"
"Feb 12, 2019","13.59","13.55","14.60","13.40","2.31K","0.31%"
"Feb 11, 2019","13.55","13.55","13.62","13.17","0.26K","0.00%"
"Feb 10, 2019","13.55","13.80","13.96","13.19","0.41K","-1.82%"
"Feb 09, 2019","13.80","13.69","14.03","13.59","0.73K","0.77%"
"Feb 08, 2019","13.69","13.34","14.19","13.00","3.07K","2.69%"
"Feb 07, 2019","13.34","13.00","13.34","12.90","0.60K","2.58%"
"Feb 06, 2019","13.00","13.71","13.97","13.00","1.29K","-5.20%"
"Feb 05, 2019","13.71","13.68","14.11","13.15","2.82K","0.27%"
"Feb 04, 2019","13.68","14.46","15.00","13.50","2.14K","-5.40%"
"Feb 03, 2019","14.46","14.95","15.94","13.89","4.06K","-3.29%"
"Feb 02, 2019","14.95","12.90","15.61","12.75","5.84K","15.87%"
"Feb 01, 2019","12.90","12.41","13.44","11.86","3.23K","3.98%"
"Jan 31, 2019","12.41","11.95","13.00","11.50","2.23K","3.85%"
"Jan 30, 2019","11.95","11.90","12.19","11.60","3.06K","0.43%"
"Jan 29, 2019","11.90","11.42","12.73","11.23","10.31K","4.17%"
"Jan 28, 2019","11.42","13.07","13.07","10.71","7.28K","-12.64%"
"Jan 27, 2019","13.07","13.70","13.70","12.32","2.63K","-4.60%"
"Jan 26, 2019","13.70","14.04","14.17","13.44","0.52K","-2.43%"
"Jan 25, 2019","14.04","14.75","14.86","13.80","0.70K","-4.80%"
"Jan 24, 2019","14.75","14.41","15.16","13.69","2.61K","2.36%"
"Jan 23, 2019","14.41","15.21","15.57","14.13","1.46K","-5.28%"
"Jan 22, 2019","15.21","16.88","17.19","14.55","5.90K","-9.85%"
"Jan 21, 2019","16.88","17.76","17.82","16.12","2.17K","-4.98%"
"Jan 20, 2019","17.76","16.92","20.10","16.92","12.82K","4.97%"
"Jan 19, 2019","16.92","15.18","19.46","14.68","17.38K","11.43%"
"Jan 18, 2019","15.18","14.70","15.54","12.64","12.31K","3.30%"
"Jan 17, 2019","14.70","14.04","16.48","13.72","19.81K","4.72%"
"Jan 16, 2019","14.04","9.50","14.07","9.43","10.93K","47.78%"
"Jan 15, 2019","9.50","10.01","10.95","9.06","6.80K","-5.14%"
"Jan 14, 2019","10.01","8.01","11.30","8.01","6.75K","25.08%"
"Jan 13, 2019","8.01","9.10","9.11","8.01","0.36K","-12.06%"
"Jan 12, 2019","9.10","9.17","9.20","8.71","0.13K","-0.74%"
"Jan 11, 2019","9.17","8.92","9.29","8.85","1.22K","2.79%"
"Jan 10, 2019","8.92","9.83","9.86","8.62","2.86K","-9.22%"
"Jan 09, 2019","9.83","9.89","10.28","9.70","1.53K","-0.63%"
"Jan 08, 2019","9.89","9.29","10.02","9.24","4.14K","6.46%"
"Jan 07, 2019","9.29","9.32","9.47","9.19","0.93K","-0.35%"
"Jan 06, 2019","9.32","9.22","9.47","9.01","1.46K","1.14%"
"Jan 05, 2019","9.22","9.04","9.80","8.74","2.24K","1.93%"
"Jan 04, 2019","9.04","8.51","9.04","8.51","1.47K","6.21%"
"Jan 03, 2019","8.51","8.73","9.50","8.32","5.84K","-2.47%"
"Jan 02, 2019","8.73","8.01","8.74","8.00","4.98K","9.05%"
"Jan 01, 2019","8.01","7.72","8.19","7.57","3.95K","3.69%"
"Dec 31, 2018","7.72","7.99","8.16","7.54","2.55K","-3.36%"
"Dec 30, 2018","7.99","8.04","8.43","7.93","2.16K","-0.57%"
"Dec 29, 2018","8.04","7.92","9.30","7.92","10.21K","1.47%"
"Dec 28, 2018","7.92","7.23","8.26","6.99","4.56K","9.53%"
"Dec 27, 2018","7.23","7.90","8.07","7.15","3.76K","-8.53%"
"Dec 26, 2018","7.90","7.65","8.08","7.65","1.55K","3.27%"
"Dec 25, 2018","7.65","8.63","8.71","7.15","3.37K","-11.25%"
"Dec 24, 2018","8.63","8.48","9.95","8.48","8.97K","1.70%"
"Dec 23, 2018","8.48","7.39","9.57","7.39","9.38K","14.71%"
"Dec 22, 2018","7.39","7.06","7.43","6.99","1.24K","4.68%"
"Dec 21, 2018","7.06","7.36","7.48","6.95","2.80K","-4.00%"
"Dec 20, 2018","7.36","6.86","7.46","6.63","4.96K","7.24%"
"Dec 19, 2018","6.86","6.39","7.52","6.39","8.99K","7.37%"
"Dec 18, 2018","6.39","6.16","6.93","5.99","7.23K","3.66%"
"Dec 17, 2018","6.16","5.69","6.32","5.67","4.24K","8.25%"
"Dec 16, 2018","5.69","5.64","5.83","5.64","1.64K","0.89%"
"Dec 15, 2018","5.64","5.82","5.82","5.50","1.91K","-3.11%"
"Dec 14, 2018","5.82","6.23","6.41","5.71","2.51K","-6.48%"
"Dec 13, 2018","6.23","6.77","6.77","6.19","2.36K","-8.05%"
"Dec 12, 2018","6.77","6.38","7.04","6.34","6.77K","5.96%"
"Dec 11, 2018","6.39","5.95","6.57","5.78","5.05K","7.40%"
"Dec 10, 2018","5.95","6.41","6.41","5.88","2.45K","-7.09%"
"Dec 09, 2018","6.41","6.24","6.53","6.16","2.20K","2.70%"
"Dec 08, 2018","6.24","6.36","6.70","6.01","2.65K","-1.95%"
"Dec 07, 2018","6.36","6.83","7.02","5.84","10.02K","-6.88%"
"Dec 06, 2018","6.83","7.50","7.99","6.76","3.03K","-8.98%"
"Dec 05, 2018","7.50","8.11","8.15","7.45","2.24K","-7.46%"
"Dec 04, 2018","8.11","8.04","8.12","7.70","1.32K","0.83%"
"Dec 03, 2018","8.04","8.49","8.51","7.90","1.45K","-5.26%"
"Dec 02, 2018","8.49","8.93","8.93","8.44","1.39K","-4.95%"
"Dec 01, 2018","8.93","8.22","8.94","8.22","1.44K","8.66%"
"Nov 30, 2018","8.22","8.58","8.82","8.14","1.41K","-4.15%"
"Nov 29, 2018","8.58","8.58","8.92","8.38","2.00K","0.00%"
"Nov 28, 2018","8.58","7.94","8.99","7.64","3.61K","8.05%"
"Nov 27, 2018","7.94","7.82","7.94","7.46","2.14K","1.46%"
"Nov 26, 2018","7.82","7.94","8.82","7.67","3.94K","-1.40%"
"Nov 25, 2018","7.94","8.52","8.52","7.48","5.72K","-6.87%"
"Nov 24, 2018","8.52","9.49","9.79","8.10","2.84K","-10.19%"
"Nov 23, 2018","9.49","10.02","10.91","9.24","15.46K","-5.34%"
"Nov 22, 2018","10.02","9.17","10.39","9.05","5.55K","9.25%"
"Nov 21, 2018","9.17","8.47","9.17","8.10","5.18K","8.25%"
"Nov 20, 2018","8.47","9.01","9.15","7.97","9.25K","-5.99%"
"Nov 19, 2018","9.01","11.19","11.19","8.81","4.24K","-19.42%"
"Nov 18, 2018","11.19","11.07","11.22","11.06","1.25K","1.02%"
"Nov 17, 2018","11.07","11.33","11.35","10.98","1.08K","-2.21%"
"Nov 16, 2018","11.33","11.20","11.33","10.81","2.69K","1.11%"
"Nov 15, 2018","11.20","11.65","11.77","10.57","3.74K","-3.86%"
"Nov 14, 2018","11.65","13.46","13.47","11.50","3.62K","-13.44%"
"Nov 13, 2018","13.46","13.64","13.72","13.41","2.38K","-1.29%"
"Nov 12, 2018","13.64","13.94","14.07","13.52","1.60K","-2.21%"
"Nov 11, 2018","13.94","14.88","14.88","13.84","3.42K","-6.28%"
"Nov 10, 2018","14.88","14.80","14.96","14.80","0.90K","0.54%"
"Nov 09, 2018","14.80","14.72","14.97","14.72","1.34K","0.53%"
"Nov 08, 2018","14.72","14.82","14.83","14.66","1.50K","-0.65%"
"Nov 07, 2018","14.82","14.76","14.98","14.72","2.85K","0.35%"
"Nov 06, 2018","14.76","14.69","14.76","14.50","1.94K","0.54%"
"Nov 05, 2018","14.69","15.01","15.02","14.69","1.49K","-2.16%"
"Nov 04, 2018","15.01","15.33","15.33","14.63","2.14K","-2.10%"
"Nov 03, 2018","15.33","14.68","15.38","14.68","2.28K","4.48%"
"Nov 02, 2018","14.68","14.42","14.73","14.42","1.12K","1.75%"
"Nov 01, 2018","14.42","14.34","14.44","14.25","0.90K","0.58%"
"Oct 31, 2018","14.34","14.54","14.56","14.01","1.41K","-1.38%"
"Oct 30, 2018","14.54","14.39","14.56","14.27","1.27K","1.07%"
"Oct 29, 2018","14.39","14.88","15.13","14.15","3.56K","-3.34%"
"Oct 28, 2018","14.88","14.28","15.17","14.22","3.18K","4.20%"
"Oct 27, 2018","14.28","13.87","15.08","13.69","2.55K","2.99%"
"Oct 26, 2018","13.87","13.92","13.96","13.75","1.87K","-0.38%"
"Oct 25, 2018","13.92","14.42","14.43","13.85","1.87K","-3.45%"
"Oct 24, 2018","14.42","13.76","15.27","13.76","8.69K","4.80%"
"Oct 23, 2018","13.76","13.40","13.78","13.28","2.36K","2.66%"
"Oct 22, 2018","13.40","13.44","13.48","13.30","1.46K","-0.26%"
"Oct 21, 2018","13.44","13.14","13.66","13.14","1.88K","2.28%"
"Oct 20, 2018","13.14","12.71","13.19","12.62","0.85K","3.39%"
"Oct 19, 2018","12.71","12.93","13.18","12.61","1.43K","-1.67%"
"Oct 18, 2018","12.93","13.01","13.21","12.85","1.12K","-0.64%"
"Oct 17, 2018","13.01","12.91","13.05","12.84","1.31K","0.76%"
"Oct 16, 2018","12.91","12.59","13.01","12.59","1.13K","2.57%"
"Oct 15, 2018","12.59","12.31","13.91","12.22","3.89K","2.25%"
"Oct 14, 2018","12.31","12.54","12.60","12.31","1.36K","-1.80%"
"Oct 13, 2018","12.54","11.96","13.45","11.96","2.50K","4.80%"
"Oct 12, 2018","11.96","11.75","12.36","11.24","2.69K","1.78%"
"Oct 11, 2018","11.75","13.51","13.51","11.73","3.66K","-13.00%"
"Oct 10, 2018","13.51","13.12","13.65","12.94","2.91K","2.98%"
"Oct 09, 2018","13.12","13.33","13.33","12.95","2.69K","-1.57%"
"Oct 08, 2018","13.33","12.74","13.35","12.72","3.09K","4.58%"
"Oct 07, 2018","12.74","12.70","12.78","12.56","1.31K","0.34%"
"Oct 06, 2018","12.70","12.80","13.09","12.52","1.98K","-0.75%"
"Oct 05, 2018","12.80","12.98","13.14","12.57","3.04K","-1.39%"
"Oct 04, 2018","12.98","12.87","13.17","12.87","2.38K","0.83%"
"Oct 03, 2018","12.87","13.26","13.29","12.67","3.50K","-2.97%"
"Oct 02, 2018","13.26","13.36","13.74","13.26","3.06K","-0.72%"
"Oct 01, 2018","13.36","13.51","13.91","13.19","3.79K","-1.11%"
"Sep 30, 2018","13.51","13.57","14.44","13.27","4.28K","-0.45%"
"Sep 29, 2018","13.57","13.20","14.41","12.88","3.98K","2.83%"
"Sep 28, 2018","13.20","13.51","13.66","12.99","5.39K","-2.30%"
"Sep 27, 2018","13.51","12.78","13.59","12.78","5.51K","5.73%"
"Sep 26, 2018","12.78","12.95","13.14","12.59","4.34K","-1.33%"
"Sep 25, 2018","12.95","13.23","14.89","12.51","10.01K","-2.12%"
"Sep 24, 2018","13.23","13.68","13.68","13.00","4.58K","-3.31%"
"Sep 23, 2018","13.68","13.55","14.03","13.46","3.76K","1.01%"
"Sep 22, 2018","13.55","14.41","14.42","13.30","5.17K","-6.00%"
"Sep 21, 2018","14.41","13.14","14.49","12.92","9.90K","9.65%"
"Sep 20, 2018","13.14","12.45","13.15","12.41","4.62K","5.58%"
"Sep 19, 2018","12.45","12.40","12.75","12.06","2.20K","0.38%"
"Sep 18, 2018","12.40","12.31","12.98","12.16","6.30K","0.78%"
"Sep 17, 2018","12.31","13.44","13.68","11.95","6.08K","-8.45%"
"Sep 16, 2018","13.44","13.21","13.50","12.96","2.38K","1.75%"
"Sep 15, 2018","13.21","13.55","14.19","13.07","4.94K","-2.54%"
"Sep 14, 2018","13.55","13.97","14.24","13.41","4.08K","-2.99%"
"Sep 13, 2018","13.97","13.29","14.38","13.14","4.53K","5.16%"
"Sep 12, 2018","13.29","13.83","13.85","12.59","4.51K","-3.90%"
"Sep 11, 2018","13.83","14.12","15.12","13.62","2.35K","-2.07%"
"Sep 10, 2018","14.12","14.48","14.92","13.89","2.39K","-2.49%"
"Sep 09, 2018","14.48","14.20","15.13","13.78","4.94K","1.98%"
"Sep 08, 2018","14.20","15.56","15.69","13.91","3.01K","-8.76%"
"Sep 07, 2018","15.56","16.46","16.74","15.43","5.07K","-5.47%"
"Sep 06, 2018","16.46","17.15","17.22","15.78","3.71K","-4.08%"
"Sep 05, 2018","17.16","20.68","20.89","17.04","5.53K","-17.03%"
"Sep 04, 2018","20.68","20.44","20.93","20.33","2.86K","1.21%"
"Sep 03, 2018","20.44","20.30","20.89","19.94","2.79K","0.69%"
"Sep 02, 2018","20.30","20.48","20.91","20.12","2.72K","-0.90%"
"Sep 01, 2018","20.48","19.60","20.96","19.60","9.61K","4.50%"
"Aug 31, 2018","19.60","19.95","20.21","19.48","2.87K","-1.76%"
"Aug 30, 2018","19.95","20.47","20.78","19.03","2.26K","-2.55%"
"Aug 29, 2018","20.47","20.99","21.54","20.06","2.42K","-2.46%"
"Aug 28, 2018","20.99","19.96","21.16","19.88","6.97K","5.16%"
"Aug 27, 2018","19.96","19.24","19.96","19.11","3.80K","3.74%"
"Aug 26, 2018","19.24","19.12","19.31","18.78","2.63K","0.65%"
"Aug 25, 2018","19.12","18.91","19.22","18.63","3.74K","1.07%"
"Aug 24, 2018","18.91","18.93","19.41","18.22","5.54K","-0.10%"
"Aug 23, 2018","18.93","18.51","19.01","18.38","1.81K","2.26%"
"Aug 22, 2018","18.51","19.21","20.26","18.06","5.98K","-3.60%"
"Aug 21, 2018","19.21","17.77","19.35","17.72","5.23K","8.11%"
"Aug 20, 2018","17.77","18.71","18.95","17.63","3.19K","-5.07%"
"Aug 19, 2018","18.71","17.95","19.19","17.71","4.27K","4.28%"
"Aug 18, 2018","17.95","19.41","19.92","17.33","8.08K","-7.55%"
"Aug 17, 2018","19.41","16.69","19.55","16.68","6.90K","16.30%"
"Aug 16, 2018","16.69","16.39","17.72","15.63","7.39K","1.84%"
"Aug 15, 2018","16.39","16.25","17.74","16.25","17.73K","0.88%"
"Aug 14, 2018","16.25","19.03","19.03","15.01","33.92K","-14.61%"
"Aug 13, 2018","19.03","20.82","21.61","19.03","6.02K","-8.61%"
"Aug 12, 2018","20.82","20.52","21.99","20.38","11.19K","1.47%"
"Aug 11, 2018","20.52","22.96","22.97","19.36","16.49K","-10.64%"
"Aug 10, 2018","22.96","25.64","25.85","22.41","6.76K","-10.45%"
"Aug 09, 2018","25.64","22.32","26.90","22.26","20.36K","14.89%"
"Aug 08, 2018","22.32","26.83","26.83","22.32","8.62K","-16.83%"
"Aug 07, 2018","26.83","28.11","28.46","26.59","4.61K","-4.53%"
"Aug 06, 2018","28.11","28.59","28.83","27.62","1.75K","-1.70%"
"Aug 05, 2018","28.59","28.19","28.94","27.92","2.32K","1.41%"
"Aug 04, 2018","28.19","29.44","29.80","27.83","4.18K","-4.23%"
"Aug 03, 2018","29.44","29.21","30.21","27.83","7.73K","0.80%"
"Aug 02, 2018","29.21","30.30","30.74","29.21","2.71K","-3.62%"
"Aug 01, 2018","30.30","30.09","31.02","28.24","7.13K","0.72%"
"Jul 31, 2018","30.09","31.41","31.48","29.44","5.13K","-4.22%"
"Jul 30, 2018","31.41","30.48","32.11","29.99","7.51K","3.05%"
"Jul 29, 2018","30.48","29.96","31.69","29.95","3.61K","1.76%"
"Jul 28, 2018","29.96","30.65","30.91","29.95","2.83K","-2.26%"
"Jul 27, 2018","30.65","30.05","31.07","29.25","7.33K","1.99%"
"Jul 26, 2018","30.05","30.16","31.54","29.53","10.60K","-0.37%"
"Jul 25, 2018","30.16","30.46","31.34","28.64","21.17K","-0.98%"
"Jul 24, 2018","30.46","32.11","32.42","29.50","32.12K","-5.12%"
"Jul 23, 2018","32.11","35.45","38.40","32.01","15.32K","-9.44%"
"Jul 22, 2018","35.45","29.74","42.16","29.43","21.99K","19.19%"
"Jul 21, 2018","29.74","28.05","29.94","27.92","3.55K","6.04%"
"Jul 20, 2018","28.05","30.47","30.66","28.00","9.33K","-7.93%"
"Jul 19, 2018","30.47","31.22","31.40","29.64","6.26K","-2.41%"
"Jul 18, 2018","31.22","31.79","32.88","30.66","9.58K","-1.80%"
"Jul 17, 2018","31.79","30.04","32.52","29.82","8.90K","5.82%"
"Jul 16, 2018","30.04","28.75","30.41","28.58","6.67K","4.50%"
"Jul 15, 2018","28.75","28.48","29.10","27.49","4.17K","0.94%"
"Jul 14, 2018","28.48","28.14","28.74","27.75","2.92K","1.22%"
"Jul 13, 2018","28.14","30.13","30.55","27.67","3.60K","-6.63%"
"Jul 12, 2018","30.13","31.76","31.85","29.76","2.69K","-5.13%"
"Jul 11, 2018","31.76","30.98","31.93","30.02","3.57K","2.54%"
"Jul 10, 2018","30.98","34.50","34.50","30.97","4.29K","-10.21%"
"Jul 09, 2018","34.50","33.81","35.00","33.58","3.56K","2.04%"
"Jul 08, 2018","33.81","35.49","36.12","33.23","8.88K","-4.74%"
"Jul 07, 2018","35.49","36.42","36.53","32.82","5.49K","-2.56%"
"Jul 06, 2018","36.42","36.13","38.68","36.07","4.39K","0.80%"
"Jul 05, 2018","36.13","35.73","36.89","35.15","2.40K","1.11%"
"Jul 04, 2018","35.73","35.59","36.56","34.94","3.06K","0.39%"
"Jul 03, 2018","35.59","36.83","37.88","35.35","2.70K","-3.37%"
"Jul 02, 2018","36.83","34.85","37.59","33.93","5.19K","5.71%"
"Jul 01, 2018","34.85","35.49","36.01","34.30","5.76K","-1.80%"
"Jun 30, 2018","35.48","32.79","35.65","32.79","4.72K","8.21%"
"Jun 29, 2018","32.79","30.46","33.61","29.97","9.30K","7.64%"
"Jun 28, 2018","30.46","30.14","35.19","29.81","9.67K","1.09%"
"Jun 27, 2018","30.14","30.25","30.35","29.10","2.45K","-0.36%"
"Jun 26, 2018","30.25","32.14","32.21","30.03","5.70K","-5.91%"
"Jun 25, 2018","32.14","30.70","32.26","30.19","3.50K","4.72%"
"Jun 24, 2018","30.70","30.66","30.79","28.03","3.97K","0.13%"
"Jun 23, 2018","30.66","30.36","31.29","30.33","3.08K","0.99%"
"Jun 22, 2018","30.36","35.47","35.59","29.51","4.47K","-14.43%"
"Jun 21, 2018","35.47","36.00","36.50","35.42","1.56K","-1.47%"
"Jun 20, 2018","36.00","36.37","36.58","34.21","2.92K","-1.01%"
"Jun 19, 2018","36.37","34.37","36.69","34.08","3.41K","5.83%"
"Jun 18, 2018","34.37","33.64","34.70","32.57","3.23K","2.17%"
"Jun 17, 2018","33.64","33.18","34.03","33.01","4.22K","1.38%"
"Jun 16, 2018","33.18","32.94","33.41","32.25","2.05K","0.74%"
"Jun 15, 2018","32.94","34.15","34.30","32.23","3.14K","-3.56%"
"Jun 14, 2018","34.15","30.61","35.11","30.16","9.72K","11.58%"
"Jun 13, 2018","30.61","30.88","31.06","29.30","6.21K","-0.87%"
"Jun 12, 2018","30.88","33.32","34.12","30.57","11.96K","-7.33%"
"Jun 11, 2018","33.32","32.62","33.91","32.24","4.48K","2.13%"
"Jun 10, 2018","32.62","37.47","37.56","32.60","7.99K","-12.94%"
"Jun 09, 2018","37.47","38.56","38.80","37.26","1.88K","-2.81%"
"Jun 08, 2018","38.56","39.15","39.24","37.74","2.28K","-1.43%"
"Jun 07, 2018","39.12","38.35","40.07","38.29","3.41K","2.07%"
"Jun 06, 2018","38.32","38.49","38.62","37.35","3.95K","-0.44%"
"Jun 05, 2018","38.49","37.96","38.98","36.58","3.44K","1.39%"
"Jun 04, 2018","37.96","40.67","41.05","37.37","6.71K","-6.65%"
"Jun 03, 2018","40.67","40.90","41.76","40.23","3.50K","-0.58%"
"Jun 02, 2018","40.90","39.44","41.18","38.57","10.19K","3.79%"
"Jun 01, 2018","39.41","38.24","39.53","37.35","5.21K","3.05%"
"May 31, 2018","38.24","36.35","38.50","35.74","8.01K","5.19%"
"May 30, 2018","36.35","37.21","41.88","35.21","13.41K","-2.29%"
"May 29, 2018","37.21","32.90","37.98","32.73","28.26K","13.08%"
"May 28, 2018","32.90","38.40","38.53","32.90","5.55K","-14.31%"
"May 27, 2018","38.40","39.18","39.18","38.24","1.60K","-2.00%"
"May 26, 2018","39.18","39.03","40.42","38.93","2.22K","0.40%"
"May 25, 2018","39.03","41.58","41.91","39.03","4.29K","-6.15%"
"May 24, 2018","41.59","41.77","43.33","38.17","5.88K","-0.44%"
"May 23, 2018","41.77","45.49","45.73","39.12","12.49K","-8.18%"
"May 22, 2018","45.49","51.56","51.56","44.75","4.62K","-11.77%"
"May 21, 2018","51.56","53.79","54.06","50.64","4.82K","-4.15%"
"May 20, 2018","53.79","53.51","54.43","52.94","4.05K","0.53%"
"May 19, 2018","53.51","55.35","55.35","52.20","4.05K","-3.32%"
"May 18, 2018","55.35","56.21","58.67","51.60","21.04K","-1.53%"
"May 17, 2018","56.21","49.85","61.96","49.34","34.17K","12.74%"
"May 16, 2018","49.85","53.01","53.15","47.82","11.12K","-5.95%"
"May 15, 2018","53.01","53.00","60.06","52.43","29.73K","0.01%"
"May 14, 2018","53.00","51.95","61.04","48.56","31.41K","2.02%"
"May 13, 2018","51.95","51.20","53.73","49.12","12.34K","3.20%"
"May 12, 2018","50.34","54.70","56.61","45.87","12.66K","-7.97%"
"May 11, 2018","54.70","43.88","81.69","43.30","78.40K","24.65%"
"May 10, 2018","43.88","49.88","50.67","43.87","6.93K","-12.02%"
"May 09, 2018","49.88","45.17","54.09","43.56","19.92K","10.35%"
"May 08, 2018","45.20","42.01","47.71","41.54","8.88K","7.33%"
"May 07, 2018","42.11","43.05","43.17","41.01","3.58K","-2.17%"
"May 06, 2018","43.05","43.81","44.62","41.64","4.64K","-1.73%"
"May 05, 2018","43.81","43.16","44.66","42.22","4.53K","1.49%"
"May 04, 2018","43.16","44.60","45.07","41.87","7.05K","-3.22%"
"May 03, 2018","44.60","39.44","47.64","39.19","18.33K","13.08%"
"May 02, 2018","39.44","39.06","39.65","38.48","4.52K","0.96%"
"May 01, 2018","39.06","40.62","40.63","38.25","4.89K","-3.84%"
"Apr 30, 2018","40.62","40.71","40.83","39.29","4.38K","-0.20%"
"Apr 29, 2018","40.71","41.92","42.32","39.69","3.56K","-2.89%"
"Apr 28, 2018","41.92","40.41","41.93","39.82","3.74K","3.74%"
"Apr 27, 2018","40.41","43.22","43.25","40.31","4.68K","-6.50%"
"Apr 26, 2018","43.22","40.07","43.22","38.73","5.50K","7.85%"
"Apr 25, 2018","40.07","45.20","45.56","37.16","10.58K","-11.35%"
"Apr 24, 2018","45.20","42.24","46.26","41.74","8.05K","7.01%"
"Apr 23, 2018","42.24","40.04","42.28","39.38","8.32K","5.51%"
"Apr 22, 2018","40.04","38.85","41.25","33.39","6.42K","2.98%"
"Apr 21, 2018","38.88","39.95","41.60","36.74","8.29K","-2.69%"
"Apr 20, 2018","39.95","37.96","40.63","35.80","14.57K","5.23%"
"Apr 19, 2018","37.96","32.54","44.43","32.54","17.47K","16.65%"
"Apr 18, 2018","32.54","28.93","32.65","28.91","8.31K","12.50%"
"Apr 17, 2018","28.93","28.69","29.77","28.48","4.67K","0.82%"
"Apr 16, 2018","28.69","30.95","31.14","27.86","6.82K","-7.30%"
"Apr 15, 2018","30.95","29.29","31.08","28.67","7.21K","5.68%"
"Apr 14, 2018","29.29","29.07","30.07","28.82","3.80K","0.76%"
"Apr 13, 2018","29.07","28.02","31.35","26.69","8.84K","3.75%"
"Apr 12, 2018","28.02","25.35","28.42","24.72","13.11K","10.51%"
"Apr 11, 2018","25.35","24.70","25.41","24.70","2.52K","2.63%"
"Apr 10, 2018","24.70","24.29","24.79","23.96","3.21K","1.69%"
"Apr 09, 2018","24.29","25.09","25.95","24.00","3.61K","-3.19%"
"Apr 08, 2018","25.09","24.68","25.12","24.50","2.96K","1.68%"
"Apr 07, 2018","24.68","24.19","25.06","24.05","3.87K","2.01%"
"Apr 06, 2018","24.19","26.71","26.71","23.97","3.33K","-9.43%"
"Apr 05, 2018","26.71","23.91","27.43","23.37","11.03K","11.70%"
"Apr 04, 2018","23.91","26.83","27.34","23.42","7.71K","-10.88%"
"Apr 03, 2018","26.83","25.31","27.57","24.99","5.84K","6.02%"
"Apr 02, 2018","25.30","24.46","26.69","24.22","4.05K","3.46%"
"Apr 01, 2018","24.46","26.01","26.13","23.29","3.04K","-5.98%"
"Mar 31, 2018","26.01","25.50","27.07","25.50","2.19K","2.00%"
"Mar 30, 2018","25.50","26.53","28.25","25.06","4.56K","-3.86%"
"Mar 29, 2018","26.53","33.05","33.11","25.76","7.96K","-19.73%"
"Mar 28, 2018","33.05","32.14","34.05","32.08","2.16K","2.82%"
"Mar 27, 2018","32.14","34.55","34.97","31.54","3.48K","-6.99%"
"Mar 26, 2018","34.55","34.21","35.76","31.36","3.25K","1.02%"
"Mar 25, 2018","34.21","34.68","34.95","33.57","1.75K","-1.37%"
"Mar 24, 2018","34.68","35.01","36.33","34.68","3.08K","-0.95%"
"Mar 23, 2018","35.01","35.19","35.24","33.00","2.83K","-0.50%"
"Mar 22, 2018","35.19","35.78","36.45","33.84","2.53K","-1.65%"
"Mar 21, 2018","35.78","35.09","36.87","34.98","4.94K","1.95%"
"Mar 20, 2018","35.09","32.62","35.97","32.39","5.25K","7.57%"
"Mar 19, 2018","32.62","29.77","38.83","29.32","8.94K","9.57%"
"Mar 18, 2018","29.77","30.59","30.76","25.58","6.17K","-2.66%"
"Mar 17, 2018","30.59","32.77","33.07","30.28","3.98K","-6.65%"
"Mar 16, 2018","32.77","31.97","34.39","30.62","3.08K","2.50%"
"Mar 15, 2018","31.97","31.11","32.90","29.42","9.15K","2.76%"
"Mar 14, 2018","31.11","38.29","39.52","30.06","6.98K","-18.75%"
"Mar 13, 2018","38.29","34.82","38.80","34.27","6.14K","9.97%"
"Mar 12, 2018","34.81","35.84","37.15","33.87","3.23K","-2.86%"
"Mar 11, 2018","35.84","33.14","36.61","32.38","2.68K","8.16%"
"Mar 10, 2018","33.14","36.69","38.02","33.07","2.48K","-9.69%"
"Mar 09, 2018","36.69","38.63","38.65","33.46","3.10K","-5.02%"
"Mar 08, 2018","38.63","39.00","41.32","37.32","7.44K","-0.95%"
"Mar 07, 2018","39.00","43.29","43.48","37.81","5.84K","-9.90%"
"Mar 06, 2018","43.29","46.31","46.31","42.91","4.55K","-6.86%"
"Mar 05, 2018","46.48","46.71","46.86","46.12","2.85K","-0.51%"
"Mar 04, 2018","46.71","47.07","47.47","44.95","3.29K","-0.75%"
"Mar 03, 2018","47.07","45.23","49.07","45.08","6.02K","4.06%"
"Mar 02, 2018","45.23","46.40","48.10","44.83","3.33K","-2.51%"
"Mar 01, 2018","46.40","45.59","47.29","44.13","6.15K","1.76%"
"Feb 28, 2018","45.59","48.34","50.09","44.75","4.81K","-5.69%"
"Feb 27, 2018","48.34","46.32","51.94","45.88","6.33K","4.38%"
"Feb 26, 2018","46.32","43.78","46.83","42.29","4.15K","5.80%"
"Feb 25, 2018","43.78","42.73","43.78","41.95","3.53K","2.46%"
"Feb 24, 2018","42.73","43.79","45.81","41.77","4.19K","-2.42%"
"Feb 23, 2018","43.79","43.14","46.38","41.53","4.70K","1.49%"
"Feb 22, 2018","43.14","45.66","47.76","41.97","5.59K","-5.52%"
"Feb 21, 2018","45.66","49.60","49.60","44.30","8.35K","-7.94%"
"Feb 20, 2018","49.60","53.23","54.30","49.47","9.77K","-6.82%"
"Feb 19, 2018","53.23","52.33","54.67","51.72","7.20K","1.71%"
"Feb 18, 2018","52.33","54.62","58.73","51.60","15.90K","-4.19%"
"Feb 17, 2018","54.62","53.40","55.62","52.70","8.68K","2.29%"
"Feb 16, 2018","53.40","53.48","55.03","50.46","6.89K","-0.16%"
"Feb 15, 2018","53.48","52.46","55.26","51.13","16.83K","1.95%"
"Feb 14, 2018","52.46","48.68","52.98","47.66","22.28K","7.75%"
"Feb 13, 2018","48.68","53.43","53.67","48.62","8.13K","-8.88%"
"Feb 12, 2018","53.43","49.48","56.62","48.72","9.85K","7.98%"
"Feb 11, 2018","49.48","53.98","55.69","47.52","6.75K","-8.33%"
"Feb 10, 2018","53.98","56.45","59.72","51.01","4.71K","-4.38%"
"Feb 09, 2018","56.45","51.53","57.23","48.54","5.95K","9.56%"
"Feb 08, 2018","51.53","46.99","54.27","46.99","5.52K","9.65%"
"Feb 07, 2018","46.99","47.06","52.13","43.17","8.39K","-0.16%"
"Feb 06, 2018","47.06","43.01","48.39","35.11","24.22K","9.42%"
"Feb 05, 2018","43.01","50.24","53.38","41.63","13.06K","-14.39%"
"Feb 04, 2018","50.24","61.31","61.58","48.33","10.66K","-18.05%"
"Feb 03, 2018","61.31","58.14","63.01","51.01","8.79K","5.44%"
"Feb 02, 2018","58.14","65.67","65.81","45.46","17.65K","-11.46%"
"Feb 01, 2018","65.67","68.69","70.57","61.78","7.37K","-4.44%"
"Jan 31, 2018","68.72","68.54","71.29","64.64","5.57K","0.27%"
"Jan 30, 2018","68.54","79.45","79.78","67.32","13.17K","-14.43%"
"Jan 29, 2018","80.10","85.26","86.02","78.83","3.26K","-6.06%"
"Jan 28, 2018","85.26","84.99","89.30","83.69","3.71K","0.32%"
"Jan 27, 2018","84.99","82.88","89.23","82.13","3.51K","2.54%"
"Jan 26, 2018","82.88","88.61","89.59","77.90","3.34K","-6.46%"
"Jan 25, 2018","88.61","89.87","93.15","86.23","3.58K","-1.41%"
"Jan 24, 2018","89.87","88.10","93.50","85.10","3.36K","2.01%"
"Jan 23, 2018","88.10","83.02","92.31","78.72","3.14K","6.12%"
"Jan 22, 2018","83.02","85.92","90.66","77.15","3.62K","-3.38%"
"Jan 21, 2018","85.92","96.09","101.91","83.69","4.71K","-10.58%"
"Jan 20, 2018","96.09","76.35","97.27","75.40","5.80K","25.86%"
"Jan 19, 2018","76.35","60.72","78.24","59.15","6.38K","25.73%"
"Jan 18, 2018","60.72","63.68","66.45","59.34","7.15K","-4.64%"
"Jan 17, 2018","63.68","62.69","65.46","48.87","6.18K","1.59%"
"Jan 16, 2018","62.69","89.74","89.74","52.61","6.34K","-30.14%"
"Jan 15, 2018","89.74","89.32","102.69","85.34","5.84K","0.47%"
"Jan 14, 2018","89.32","98.15","99.97","86.87","6.05K","-9.00%"
"Jan 13, 2018","98.15","97.33","106.69","94.31","5.55K","0.85%"
"Jan 12, 2018","97.33","101.77","109.62","96.33","6.11K","-4.36%"
"Jan 11, 2018","101.77","102.47","119.01","81.20","7.58K","-0.68%"
"Jan 10, 2018","102.47","90.63","111.27","73.63","8.49K","13.06%"
"Jan 09, 2018","90.63","95.83","109.01","90.01","6.41K","-4.72%"
"Jan 08, 2018","95.12","78.81","95.12","74.33","8.80K","20.69%"
"Jan 07, 2018","78.81","76.79","80.81","74.00","6.49K","2.63%"
"Jan 06, 2018","76.79","72.92","78.69","69.27","7.61K","5.30%"
"Jan 05, 2018","72.92","69.38","82.45","69.38","5.05K","5.10%"
"Jan 04, 2018","69.38","68.60","69.38","60.26","5.97K","1.14%"
"Jan 03, 2018","68.60","73.42","74.11","68.40","5.19K","-6.56%"
"Jan 02, 2018","73.42","73.85","83.15","72.68","4.84K","-0.58%"
"Jan 01, 2018","73.85","69.55","73.98","66.38","3.66K","6.18%"
"Dec 31, 2017","69.55","63.90","70.02","63.41","4.87K","8.84%"
"Dec 30, 2017","63.90","74.61","74.95","60.24","4.89K","-14.35%"
"Dec 29, 2017","74.61","69.79","75.53","69.79","4.44K","6.91%"
"Dec 28, 2017","69.79","78.23","78.23","66.38","5.01K","-10.79%"
"Dec 27, 2017","78.23","83.40","83.40","76.50","5.47K","-5.78%"
"Dec 26, 2017","83.03","69.58","84.64","69.58","5.46K","19.33%"
"Dec 25, 2017","69.58","66.98","70.13","65.89","6.68K","3.88%"
"Dec 24, 2017","66.98","74.81","74.81","60.85","6.35K","-10.47%"
"Dec 23, 2017","74.81","66.88","87.61","65.11","6.28K","11.86%"
"Dec 22, 2017","66.88","63.79","70.41","52.66","6.50K","4.85%"
"Dec 21, 2017","63.79","78.96","88.27","49.97","5.69K","-18.89%"
"Dec 20, 2017","78.64","94.66","97.68","75.43","5.50K","-16.70%"
"Dec 19, 2017","94.41","53.91","110.29","53.39","9.18K","75.11%"
"Dec 18, 2017","53.91","42.87","54.31","41.15","10.11K","25.76%"
"Dec 17, 2017","42.87","41.16","43.40","40.26","9.90K","4.15%"
"Dec 16, 2017","41.16","36.07","43.75","35.97","10.06K","14.12%"
"Dec 15, 2017","36.07","35.91","36.77","32.16","11.03K","0.46%"
"Dec 14, 2017","35.91","33.82","36.01","33.38","9.91K","6.17%"
"Dec 13, 2017","33.82","32.52","34.80","29.72","10.66K","3.99%"
"Dec 12, 2017","32.52","30.09","35.87","29.96","14.07K","8.07%"
"Dec 11, 2017","30.09","27.41","30.79","27.41","10.49K","9.77%"
"Dec 10, 2017","27.41","27.79","31.47","24.76","9.14K","-1.36%"
"Dec 09, 2017","27.79","29.45","30.25","27.49","9.38K","-5.62%"
"Dec 08, 2017","29.45","26.10","29.65","24.57","10.99K","12.84%"
"Dec 07, 2017","26.10","30.82","31.24","25.70","8.80K","-15.32%"
"Dec 06, 2017","30.82","35.62","35.74","30.82","6.60K","-13.49%"
"Dec 05, 2017","35.62","36.29","36.55","35.16","5.28K","-1.80%"
"Dec 04, 2017","36.28","35.09","38.23","34.26","4.64K","3.39%"
"Dec 03, 2017","35.09","28.88","41.43","28.65","7.00K","21.50%"
"Dec 02, 2017","28.88","26.28","31.01","26.28","8.06K","9.90%"
"Dec 01, 2017","26.28","25.69","27.43","24.94","7.46K","2.30%"
"Nov 30, 2017","25.69","24.69","26.31","23.48","7.89K","4.06%"
"Nov 29, 2017","24.69","28.14","30.54","24.21","8.44K","-12.26%"
"Nov 28, 2017","28.14","28.89","28.92","27.89","7.03K","-2.59%"
"Nov 27, 2017","28.89","27.05","29.75","27.03","7.15K","6.78%"
"Nov 26, 2017","27.05","28.23","28.23","26.48","4.67K","-4.19%"
"Nov 25, 2017","28.23","28.38","28.76","27.50","5.08K","-0.51%"
"Nov 24, 2017","28.38","26.33","28.38","25.27","5.66K","7.78%"
"Nov 23, 2017","26.33","24.87","42.65","24.87","6.35K","5.88%"
"Nov 22, 2017","24.87","21.20","27.50","21.11","7.26K","17.31%"
"Nov 21, 2017","21.20","21.01","21.45","20.37","7.39K","0.89%"
"Nov 20, 2017","21.01","20.27","21.10","19.94","6.68K","3.64%"
"Nov 19, 2017","20.27","19.80","20.45","19.71","6.68K","2.38%"
"Nov 18, 2017","19.80","19.40","19.89","18.94","7.33K","2.08%"
"Nov 17, 2017","19.40","19.63","19.94","19.32","6.90K","-1.21%"
"Nov 16, 2017","19.63","19.14","20.15","18.86","6.84K","2.58%"
"Nov 15, 2017","19.14","19.00","19.23","18.63","6.46K","0.72%"
"Nov 14, 2017","19.00","18.26","19.07","17.81","5.68K","4.06%"
"Nov 13, 2017","18.26","17.56","18.34","17.49","4.22K","3.98%"
"Nov 12, 2017","17.56","18.02","18.51","16.95","5.93K","-2.51%"
"Nov 11, 2017","18.02","17.75","18.92","17.54","5.39K","1.48%"
"Nov 10, 2017","17.75","18.98","19.65","17.41","6.96K","-6.48%"
"Nov 09, 2017","18.98","18.40","19.39","18.08","8.52K","3.19%"
"Nov 08, 2017","18.40","17.08","21.20","17.08","6.89K","7.69%"
"Nov 07, 2017","17.08","16.85","18.92","16.85","4.25K","1.39%"
"Nov 06, 2017","16.85","16.35","17.04","16.28","8.67K","3.04%"
"Nov 05, 2017","16.35","17.45","19.21","16.28","8.62K","-6.28%"
"Nov 04, 2017","17.45","17.78","17.96","17.16","8.24K","-1.87%"
"Nov 03, 2017","17.78","16.36","17.83","16.36","8.91K","8.70%"
"Nov 02, 2017","16.36","17.24","17.24","15.80","5.69K","-5.13%"
"Nov 01, 2017","17.24","17.38","18.50","17.16","7.59K","-0.77%"
"Oct 31, 2017","17.38","16.96","17.86","16.96","7.43K","2.47%"
"Oct 30, 2017","16.96","17.89","17.96","16.88","7.95K","-5.19%"
"Oct 29, 2017","17.89","17.35","18.19","17.24","8.96K","3.09%"
"Oct 28, 2017","17.35","17.34","17.50","17.23","8.69K","0.04%"
"Oct 27, 2017","17.34","17.83","18.02","17.22","8.14K","-2.72%"
"Oct 26, 2017","17.83","17.82","18.09","17.56","8.38K","0.07%"
"Oct 25, 2017","17.82","17.45","17.96","17.04","7.97K","2.12%"
"Oct 24, 2017","17.45","16.61","18.12","16.28","8.39K","5.02%"
"Oct 23, 2017","16.61","16.83","16.92","16.04","9.18K","-1.28%"
"Oct 22, 2017","16.83","16.58","16.95","16.40","8.66K","1.47%"
"Oct 21, 2017","16.58","17.46","17.53","16.28","7.39K","-5.00%"
"Oct 20, 2017","17.46","18.21","18.74","17.30","8.54K","-4.14%"
"Oct 19, 2017","18.21","18.38","18.64","18.19","9.42K","-0.94%"
"Oct 18, 2017","18.38","18.99","19.07","17.79","7.15K","-3.22%"
"Oct 17, 2017","18.99","19.19","19.35","18.59","4.64K","-1.00%"
"Oct 16, 2017","19.19","18.72","19.22","18.57","3.19K","2.49%"
"Oct 15, 2017","18.72","18.80","18.97","18.03","2.98K","-0.42%"
"Oct 14, 2017","18.80","18.26","18.84","18.14","3.22K","2.94%"
"Oct 13, 2017","18.26","18.51","18.92","17.94","3.33K","-1.33%"
"Oct 12, 2017","18.51","18.95","19.07","18.43","3.36K","-2.33%"
"Oct 11, 2017","18.95","18.95","19.21","18.82","3.21K","0.00%"
"Oct 10, 2017","18.95","18.21","19.02","17.72","3.36K","4.05%"
"Oct 09, 2017","18.21","19.07","19.10","18.13","2.87K","-4.48%"
"Oct 08, 2017","19.07","19.91","20.01","19.07","3.18K","-4.23%"
"Oct 07, 2017","19.91","19.15","20.19","19.15","3.57K","3.99%"
"Oct 06, 2017","19.15","18.90","19.15","18.73","3.55K","1.32%"
"Oct 05, 2017","18.90","18.97","19.11","18.61","3.63K","-0.40%"
"Oct 04, 2017","18.97","19.11","19.54","18.89","2.65K","-0.71%"
"Oct 03, 2017","19.11","19.22","19.31","18.44","4.22K","-0.56%"
"Oct 02, 2017","19.22","20.59","20.69","18.85","4.04K","-6.67%"
"Oct 01, 2017","20.59","21.32","21.45","20.11","3.18K","-3.43%"
"Sep 30, 2017","21.32","20.82","21.39","20.74","2.91K","2.42%"
"Sep 29, 2017","20.82","22.02","22.14","20.13","3.68K","-5.47%"
"Sep 28, 2017","22.02","21.41","22.70","20.44","3.09K","2.85%"
"Sep 27, 2017","21.41","18.72","21.41","18.65","2.74K","14.37%"
"Sep 26, 2017","18.72","18.82","18.88","18.54","2.87K","-0.51%"
"Sep 25, 2017","18.82","17.92","18.90","17.74","2.55K","5.00%"
"Sep 24, 2017","17.92","17.83","18.20","17.54","2.75K","0.51%"
"Sep 23, 2017","17.83","17.21","17.93","16.95","2.60K","3.63%"
"Sep 22, 2017","17.21","16.92","17.67","16.64","2.73K","1.72%"
"Sep 21, 2017","16.92","18.73","18.73","16.15","2.95K","-9.67%"
"Sep 20, 2017","18.73","18.27","18.98","18.19","3.12K","2.49%"
"Sep 19, 2017","18.27","18.97","19.09","18.23","3.63K","-3.68%"
"Sep 18, 2017","18.97","17.49","19.02","17.45","3.63K","8.49%"
"Sep 17, 2017","17.49","17.53","17.61","16.08","4.13K","-0.27%"
"Sep 16, 2017","17.53","18.15","18.81","16.88","3.20K","-3.39%"
"Sep 15, 2017","18.15","15.76","18.31","13.52","4.00K","15.12%"
"Sep 14, 2017","15.76","20.87","20.87","15.76","2.86K","-24.48%"
"Sep 13, 2017","20.87","21.39","23.53","20.50","2.85K","-2.42%"
"Sep 12, 2017","21.39","20.95","21.73","20.54","3.02K","2.10%"
"Sep 11, 2017","20.95","21.52","21.52","20.58","3.63K","-2.62%"
"Sep 10, 2017","21.52","21.76","21.99","20.21","3.17K","-1.38%"
"Sep 09, 2017","21.82","21.61","22.17","21.39","2.58K","0.97%"
"Sep 08, 2017","21.61","23.59","24.61","20.88","3.05K","-8.41%"
"Sep 07, 2017","23.59","23.98","24.08","23.48","2.81K","-1.62%"
"Sep 06, 2017","23.98","23.04","24.08","22.81","2.98K","4.09%"
"Sep 05, 2017","23.04","21.68","24.07","20.36","2.66K","6.27%"
"Sep 04, 2017","21.68","24.58","24.58","20.73","6.82K","-11.79%"
"Sep 03, 2017","24.58","23.65","25.93","23.19","7.69K","3.93%"
"Sep 02, 2017","23.65","28.09","29.04","23.01","5.56K","-15.81%"
"Sep 01, 2017","28.09","26.34","28.16","26.13","5.07K","6.64%"